Device Name,HEAT - 3080892
Device Model,5400CL
Serial Number,3080892
FORMATTED DATE_TIME,Temperature,Wet Bulb Temp,Globe Temperature,Relative Humidity,Barometric Pressure,Altitude,Station Pressure,Wind Speed,Heat Index,Dew Point,Density Altitude,Crosswind,Headwind,Compass Magnetic Direction,NWB Temp,Compass True Direction,Thermal Work Limit,Wet Bulb Globe Temperature,Wind Chill,Data Type,Record name,Start time,Duration (H:M:S),Location description,Location address,Location coordinates,Notes
yyyy-MM-dd hh:mm:ss a,°F,°F,°F,%,inHg,ft,inHg,mph,°F,°F,ft,mph,mph,Deg,°F,Deg,w/m2,°F,°F
2026-04-16 05:03:56 PM,87.2,72.0,101.0,48.3,29.33,540,29.33,8.6,90.5,65.2,2733,6.2,6.0,46,75.5,46,236.6,81.7,87.1,session,"Session - Apr 16, 2026 5:03:53 PM",2026-04-16 05:03:53 PM 5:03:53 PM,00:20:36,,"2515 Speedway, Austin, TX 78712, USA","https://www.google.com/maps/search/?api=1&query=30.2895642,-97.7366761",Enter Notes
2026-04-16 05:04:01 PM,87.2,71.8,100.9,48.3,29.33,540,29.33,10.3,90.5,65.2,2733,10.2,-1.4,98,75.5,98,236.8,81.7,87.1,session,"Session - Apr 16, 2026 5:03:53 PM",2026-04-16 05:03:53 PM 5:03:53 PM,00:20:36,,"2515 Speedway, Austin, TX 78712, USA","https://www.google.com/maps/search/?api=1&query=30.2895642,-97.7366761",Enter Notes
2026-04-16 05:04:06 PM,87.3,72.0,100.9,48.3,29.33,540,29.33,8.2,90.9,65.4,2741,8.2,0.4,87,75.5,87,237.2,81.7,87.3,session,"Session - Apr 16, 2026 5:03:53 PM",2026-04-16 05:03:53 PM 5:03:53 PM,00:20:36,,"2515 Speedway, Austin, TX 78712, USA","https://www.google.com/maps/search/?api=1&query=30.2895642,-97.7366761",Enter Notes
2026-04-16 05:04:11 PM,87.2,72.0,100.9,48.4,29.33,540,29.33,7.8,90.5,65.3,2738,8.2,0.6,86,75.4,86,237.6,81.7,87.1,session,"Session - Apr 16, 2026 5:03:53 PM",2026-04-16 05:03:53 PM 5:03:53 PM,00:20:36,,"2515 Speedway, Austin, TX 78712, USA","https://www.google.com/maps/search/?api=1&query=30.2895642,-97.7366761",Enter Notes
2026-04-16 05:04:16 PM,87.0,71.8,100.8,48.4,29.33,540,29.33,10.5,90.3,65.2,2720,8.1,0.4,87,75.4,87,238.4,81.6,86.9,session,"Session - Apr 16, 2026 5:03:53 PM",2026-04-16 05:03:53 PM 5:03:53 PM,00:20:36,,"2515 Speedway, Austin, TX 78712, USA","https://www.google.com/maps/search/?api=1&query=30.2895642,-97.7366761",Enter Notes
2026-04-16 05:04:21 PM,86.9,71.8,100.7,48.5,29.33,539,29.33,11.9,90.3,65.2,2720,11.8,-1.7,98,75.4,98,238.8,81.6,86.9,session,"Session - Apr 16, 2026 5:03:53 PM",2026-04-16 05:03:53 PM 5:03:53 PM,00:20:36,,"2515 Speedway, Austin, TX 78712, USA","https://www.google.com/maps/search/?api=1&query=30.2895642,-97.7366761",Enter Notes
2026-04-16 05:04:26 PM,86.7,71.6,100.6,48.6,29.34,535,29.34,11.6,89.6,65.1,2703,11.3,-2.6,103,75.2,103,239.8,81.5,86.5,session,"Session - Apr 16, 2026 5:03:53 PM",2026-04-16 05:03:53 PM 5:03:53 PM,00:20:36,,"2515 Speedway, Austin, TX 78712, USA","https://www.google.com/maps/search/?api=1&query=30.2895642,-97.7366761",Enter Notes
2026-04-16 05:04:31 PM,86.6,71.4,100.6,48.8,29.34,535,29.34,12.7,89.8,65.0,2692,12.0,-2.1,100,75.1,100,240.4,81.3,86.5,session,"Session - Apr 16, 2026 5:03:53 PM",2026-04-16 05:03:53 PM 5:03:53 PM,00:20:36,,"2515 Speedway, Austin, TX 78712, USA","https://www.google.com/maps/search/?api=1&query=30.2895642,-97.7366761",Enter Notes
2026-04-16 05:04:36 PM,86.5,71.6,100.4,48.9,29.34,535,29.34,11.5,89.4,65.1,2690,11.4,-1.0,95,75.3,95,240.5,81.4,86.4,session,"Session - Apr 16, 2026 5:03:53 PM",2026-04-16 05:03:53 PM 5:03:53 PM,00:20:36,,"2515 Speedway, Austin, TX 78712, USA","https://www.google.com/maps/search/?api=1&query=30.2895642,-97.7366761",Enter Notes
2026-04-16 05:04:41 PM,86.5,71.6,100.4,49.1,29.34,539,29.34,10.7,89.4,65.1,2687,10.5,-1.7,99,75.2,99,241.1,81.4,86.4,session,"Session - Apr 16, 2026 5:03:53 PM",2026-04-16 05:03:53 PM 5:03:53 PM,00:20:36,,"2515 Speedway, Austin, TX 78712, USA","https://www.google.com/maps/search/?api=1&query=30.2895642,-97.7366761",Enter Notes
2026-04-16 05:04:46 PM,86.5,71.8,100.2,49.2,29.33,539,29.33,10.0,89.6,65.2,2695,9.9,1.9,79,75.2,79,242.3,81.3,86.4,session,"Session - Apr 16, 2026 5:03:53 PM",2026-04-16 05:03:53 PM 5:03:53 PM,00:20:36,,"2515 Speedway, Austin, TX 78712, USA","https://www.google.com/maps/search/?api=1&query=30.2895642,-97.7366761",Enter Notes
2026-04-16 05:04:51 PM,86.6,71.8,99.9,49.3,29.33,540,29.33,10.2,90.0,65.4,2705,8.9,4.9,61,75.3,61,242.5,81.3,86.5,session,"Session - Apr 16, 2026 5:03:53 PM",2026-04-16 05:03:53 PM 5:03:53 PM,00:20:36,,"2515 Speedway, Austin, TX 78712, USA","https://www.google.com/maps/search/?api=1&query=30.2895642,-97.7366761",Enter Notes
2026-04-16 05:04:56 PM,86.8,72.0,99.7,49.4,29.33,539,29.33,12.9,90.3,65.6,2713,12.3,3.8,73,75.3,73,244.1,81.3,86.7,session,"Session - Apr 16, 2026 5:03:53 PM",2026-04-16 05:03:53 PM 5:03:53 PM,00:20:36,,"2515 Speedway, Austin, TX 78712, USA","https://www.google.com/maps/search/?api=1&query=30.2895642,-97.7366761",Enter Notes
2026-04-16 05:05:01 PM,86.7,71.8,99.4,49.4,29.34,535,29.34,12.6,90.3,65.5,2705,12.0,-1.1,95,75.2,95,245.2,81.2,86.7,session,"Session - Apr 16, 2026 5:03:53 PM",2026-04-16 05:03:53 PM 5:03:53 PM,00:20:36,,"2515 Speedway, Austin, TX 78712, USA","https://www.google.com/maps/search/?api=1&query=30.2895642,-97.7366761",Enter Notes
2026-04-16 05:05:06 PM,86.8,72.0,99.2,49.4,29.34,535,29.34,9.0,90.3,65.6,2713,9.2,-0.8,95,75.1,95,246.8,81.1,86.7,session,"Session - Apr 16, 2026 5:03:53 PM",2026-04-16 05:03:53 PM 5:03:53 PM,00:20:36,,"2515 Speedway, Austin, TX 78712, USA","https://www.google.com/maps/search/?api=1&query=30.2895642,-97.7366761",Enter Notes
2026-04-16 05:05:11 PM,86.7,71.8,98.9,49.4,29.34,535,29.34,11.5,90.3,65.5,2703,10.5,-3.6,109,75.1,109,248.0,81.0,86.7,session,"Session - Apr 16, 2026 5:03:53 PM",2026-04-16 05:03:53 PM 5:03:53 PM,00:20:36,,"2515 Speedway, Austin, TX 78712, USA","https://www.google.com/maps/search/?api=1&query=30.2895642,-97.7366761",Enter Notes
2026-04-16 05:05:16 PM,86.6,71.8,98.7,49.4,29.34,539,29.34,7.7,90.0,65.4,2697,6.9,-3.4,116,75.0,116,249.7,80.9,86.5,session,"Session - Apr 16, 2026 5:03:53 PM",2026-04-16 05:03:53 PM 5:03:53 PM,00:20:36,,"2515 Speedway, Austin, TX 78712, USA","https://www.google.com/maps/search/?api=1&query=30.2895642,-97.7366761",Enter Notes
2026-04-16 05:05:21 PM,86.5,71.8,98.3,49.3,29.33,539,29.33,6.9,90.0,65.3,2695,6.8,-0.7,96,74.9,96,250.7,80.8,86.5,session,"Session - Apr 16, 2026 5:03:53 PM",2026-04-16 05:03:53 PM 5:03:53 PM,00:20:36,,"2515 Speedway, Austin, TX 78712, USA","https://www.google.com/maps/search/?api=1&query=30.2895642,-97.7366761",Enter Notes
2026-04-16 05:05:26 PM,86.5,71.8,97.9,49.3,29.34,539,29.34,7.6,89.6,65.3,2690,7.5,0.7,85,74.8,85,252.3,80.6,86.4,session,"Session - Apr 16, 2026 5:03:53 PM",2026-04-16 05:03:53 PM 5:03:53 PM,00:20:36,,"2515 Speedway, Austin, TX 78712, USA","https://www.google.com/maps/search/?api=1&query=30.2895642,-97.7366761",Enter Notes
2026-04-16 05:05:31 PM,86.6,71.8,97.8,49.4,29.33,540,29.33,5.0,90.0,65.4,2697,4.2,-2.8,124,74.8,124,253.3,80.6,86.5,session,"Session - Apr 16, 2026 5:03:53 PM",2026-04-16 05:03:53 PM 5:03:53 PM,00:20:36,,"2515 Speedway, Austin, TX 78712, USA","https://www.google.com/maps/search/?api=1&query=30.2895642,-97.7366761",Enter Notes
2026-04-16 05:05:36 PM,86.7,71.8,97.4,49.4,29.33,540,29.33,7.5,90.0,65.5,2705,7.0,-2.7,111,74.7,111,254.7,80.4,86.5,session,"Session - Apr 16, 2026 5:03:53 PM",2026-04-16 05:03:53 PM 5:03:53 PM,00:20:36,,"2515 Speedway, Austin, TX 78712, USA","https://www.google.com/maps/search/?api=1&query=30.2895642,-97.7366761",Enter Notes
2026-04-16 05:05:41 PM,86.6,71.8,97.3,49.4,29.33,540,29.33,6.9,90.0,65.4,2703,7.0,0.6,85,74.7,85,255.7,80.4,86.5,session,"Session - Apr 16, 2026 5:03:53 PM",2026-04-16 05:03:53 PM 5:03:53 PM,00:20:36,,"2515 Speedway, Austin, TX 78712, USA","https://www.google.com/maps/search/?api=1&query=30.2895642,-97.7366761",Enter Notes
2026-04-16 05:05:46 PM,86.5,71.8,96.9,49.3,29.33,539,29.33,12.4,90.0,65.3,2695,11.4,5.3,65,74.6,65,257.4,80.2,86.5,session,"Session - Apr 16, 2026 5:03:53 PM",2026-04-16 05:03:53 PM 5:03:53 PM,00:20:36,,"2515 Speedway, Austin, TX 78712, USA","https://www.google.com/maps/search/?api=1&query=30.2895642,-97.7366761",Enter Notes
2026-04-16 05:05:51 PM,86.6,71.8,96.8,49.3,29.33,540,29.33,10.4,90.0,65.3,2700,8.7,3.5,68,74.5,68,258.5,80.2,86.5,session,"Session - Apr 16, 2026 5:03:53 PM",2026-04-16 05:03:53 PM 5:03:53 PM,00:20:36,,"2515 Speedway, Austin, TX 78712, USA","https://www.google.com/maps/search/?api=1&query=30.2895642,-97.7366761",Enter Notes
2026-04-16 05:05:56 PM,86.8,72.0,96.4,49.3,29.33,540,29.33,9.9,90.3,65.6,2720,10.7,-1.3,97,74.4,97,260.0,80.0,86.7,session,"Session - Apr 16, 2026 5:03:53 PM",2026-04-16 05:03:53 PM 5:03:53 PM,00:20:36,,"2515 Speedway, Austin, TX 78712, USA","https://www.google.com/maps/search/?api=1&query=30.2895642,-97.7366761",Enter Notes
2026-04-16 05:06:01 PM,87.1,72.1,96.3,49.3,29.33,540,29.33,9.4,90.9,65.8,2736,7.0,3.4,64,74.4,64,261.0,80.0,87.1,session,"Session - Apr 16, 2026 5:03:53 PM",2026-04-16 05:03:53 PM 5:03:53 PM,00:20:36,,"2515 Speedway, Austin, TX 78712, USA","https://www.google.com/maps/search/?api=1&query=30.2895642,-97.7366761",Enter Notes
2026-04-16 05:06:06 PM,87.1,72.1,95.9,49.2,29.33,540,29.33,7.5,90.9,65.8,2741,7.5,0.1,89,74.1,89,263.0,79.7,87.1,session,"Session - Apr 16, 2026 5:03:53 PM",2026-04-16 05:03:53 PM 5:03:53 PM,00:20:36,,"2515 Speedway, Austin, TX 78712, USA","https://www.google.com/maps/search/?api=1&query=30.2895642,-97.7366761",Enter Notes
2026-04-16 05:06:11 PM,87.1,72.0,95.8,49.0,29.33,540,29.33,12.2,90.7,65.7,2738,11.7,3.6,73,74.1,73,263.8,79.7,87.1,session,"Session - Apr 16, 2026 5:03:53 PM",2026-04-16 05:03:53 PM 5:03:53 PM,00:20:36,,"2515 Speedway, Austin, TX 78712, USA","https://www.google.com/maps/search/?api=1&query=30.2895642,-97.7366761",Enter Notes
2026-04-16 05:06:16 PM,87.2,72.1,95.4,49.0,29.33,540,29.33,8.7,90.7,65.6,2741,6.3,-2.5,112,74.0,112,265.3,79.5,87.1,session,"Session - Apr 16, 2026 5:03:53 PM",2026-04-16 05:03:53 PM 5:03:53 PM,00:20:36,,"2515 Speedway, Austin, TX 78712, USA","https://www.google.com/maps/search/?api=1&query=30.2895642,-97.7366761",Enter Notes
2026-04-16 05:06:21 PM,87.2,72.1,95.3,48.8,29.33,540,29.33,10.1,90.7,65.6,2741,10.0,0.7,86,73.8,86,266.8,79.4,87.1,session,"Session - Apr 16, 2026 5:03:53 PM",2026-04-16 05:03:53 PM 5:03:53 PM,00:20:36,,"2515 Speedway, Austin, TX 78712, USA","https://www.google.com/maps/search/?api=1&query=30.2895642,-97.7366761",Enter Notes
2026-04-16 05:06:26 PM,87.5,72.3,95.0,48.7,29.33,540,29.33,7.0,91.2,65.8,2766,7.0,0.0,90,73.7,90,268.0,79.2,87.4,session,"Session - Apr 16, 2026 5:03:53 PM",2026-04-16 05:03:53 PM 5:03:53 PM,00:20:36,,"2515 Speedway, Austin, TX 78712, USA","https://www.google.com/maps/search/?api=1&query=30.2895642,-97.7366761",Enter Notes
2026-04-16 05:06:31 PM,87.5,72.1,94.9,48.5,29.33,540,29.33,8.8,91.2,65.6,2758,8.7,-0.8,95,73.7,95,268.6,79.2,87.4,session,"Session - Apr 16, 2026 5:03:53 PM",2026-04-16 05:03:53 PM 5:03:53 PM,00:20:36,,"2515 Speedway, Austin, TX 78712, USA","https://www.google.com/maps/search/?api=1&query=30.2895642,-97.7366761",Enter Notes
2026-04-16 05:06:36 PM,87.2,72.0,94.8,48.4,29.33,543,29.33,9.4,90.5,65.4,2743,9.4,-0.8,95,73.7,95,269.7,79.2,87.1,session,"Session - Apr 16, 2026 5:03:53 PM",2026-04-16 05:03:53 PM 5:03:53 PM,00:20:36,,"2515 Speedway, Austin, TX 78712, USA","https://www.google.com/maps/search/?api=1&query=30.2895642,-97.7366761",Enter Notes
2026-04-16 05:06:41 PM,87.1,71.8,94.5,48.3,29.33,540,29.33,11.8,90.5,65.2,2730,11.7,1.8,81,73.6,81,270.4,79.1,87.1,session,"Session - Apr 16, 2026 5:03:53 PM",2026-04-16 05:03:53 PM 5:03:53 PM,00:20:36,,"2515 Speedway, Austin, TX 78712, USA","https://www.google.com/maps/search/?api=1&query=30.2895642,-97.7366761",Enter Notes
2026-04-16 05:06:46 PM,86.8,71.4,94.4,48.3,29.34,539,29.34,14.7,90.0,64.9,2705,14.5,2.3,81,73.6,81,272.0,79.0,86.7,session,"Session - Apr 16, 2026 5:03:53 PM",2026-04-16 05:03:53 PM 5:03:53 PM,00:20:36,,"2515 Speedway, Austin, TX 78712, USA","https://www.google.com/maps/search/?api=1&query=30.2895642,-97.7366761",Enter Notes
2026-04-16 05:06:51 PM,86.5,71.4,94.3,48.3,29.34,535,29.34,14.5,89.2,64.7,2685,14.5,0.5,88,73.5,88,272.8,79.0,86.4,session,"Session - Apr 16, 2026 5:03:53 PM",2026-04-16 05:03:53 PM 5:03:53 PM,00:20:36,,"2515 Speedway, Austin, TX 78712, USA","https://www.google.com/maps/search/?api=1&query=30.2895642,-97.7366761",Enter Notes
2026-04-16 05:06:56 PM,86.4,71.2,94.2,48.3,29.34,532,29.34,14.1,89.2,64.5,2670,12.7,-0.7,93,73.4,93,273.9,78.8,86.4,session,"Session - Apr 16, 2026 5:03:53 PM",2026-04-16 05:03:53 PM 5:03:53 PM,00:20:36,,"2515 Speedway, Austin, TX 78712, USA","https://www.google.com/maps/search/?api=1&query=30.2895642,-97.7366761",Enter Notes
2026-04-16 05:07:01 PM,86.5,71.4,94.2,48.4,29.33,539,29.33,8.2,89.4,64.7,2682,6.9,-4.5,123,73.4,123,274.5,78.8,86.4,session,"Session - Apr 16, 2026 5:03:53 PM",2026-04-16 05:03:53 PM 5:03:53 PM,00:20:36,,"2515 Speedway, Austin, TX 78712, USA","https://www.google.com/maps/search/?api=1&query=30.2895642,-97.7366761",Enter Notes
2026-04-16 05:07:06 PM,86.6,71.4,93.8,48.6,29.33,539,29.33,4.1,89.6,65.0,2700,3.1,-2.5,128,73.5,128,274.4,78.8,86.5,session,"Session - Apr 16, 2026 5:03:53 PM",2026-04-16 05:03:53 PM 5:03:53 PM,00:20:36,,"2515 Speedway, Austin, TX 78712, USA","https://www.google.com/maps/search/?api=1&query=30.2895642,-97.7366761",Enter Notes
2026-04-16 05:07:11 PM,86.8,71.8,93.8,48.8,29.33,540,29.33,4.4,90.1,65.2,2710,3.4,-2.9,130,73.4,130,274.7,78.8,86.7,session,"Session - Apr 16, 2026 5:03:53 PM",2026-04-16 05:03:53 PM 5:03:53 PM,00:20:36,,"2515 Speedway, Austin, TX 78712, USA","https://www.google.com/maps/search/?api=1&query=30.2895642,-97.7366761",Enter Notes
2026-04-16 05:07:16 PM,86.9,71.8,93.7,48.9,29.33,540,29.33,4.4,90.1,65.3,2718,3.2,-3.0,133,73.4,133,275.1,78.8,86.7,session,"Session - Apr 16, 2026 5:03:53 PM",2026-04-16 05:03:53 PM 5:03:53 PM,00:20:36,,"2515 Speedway, Austin, TX 78712, USA","https://www.google.com/maps/search/?api=1&query=30.2895642,-97.7366761",Enter Notes
2026-04-16 05:07:21 PM,87.1,72.0,93.4,48.9,29.33,540,29.33,3.2,90.7,65.6,2738,2.4,-2.2,133,71.8,133,275.3,77.6,87.1,session,"Session - Apr 16, 2026 5:03:53 PM",2026-04-16 05:03:53 PM 5:03:53 PM,00:20:36,,"2515 Speedway, Austin, TX 78712, USA","https://www.google.com/maps/search/?api=1&query=30.2895642,-97.7366761",Enter Notes
2026-04-16 05:07:26 PM,87.5,72.3,93.3,48.9,29.33,539,29.33,6.9,91.2,65.9,2763,6.9,-0.2,92,71.8,92,275.7,77.5,87.4,session,"Session - Apr 16, 2026 5:03:53 PM",2026-04-16 05:03:53 PM 5:03:53 PM,00:20:36,,"2515 Speedway, Austin, TX 78712, USA","https://www.google.com/maps/search/?api=1&query=30.2895642,-97.7366761",Enter Notes
2026-04-16 05:07:31 PM,87.7,72.3,93.3,48.8,29.33,539,29.33,6.6,91.6,66.0,2776,5.9,-3.0,117,71.8,117,275.9,77.5,87.6,session,"Session - Apr 16, 2026 5:03:53 PM",2026-04-16 05:03:53 PM 5:03:53 PM,00:20:36,,"2515 Speedway, Austin, TX 78712, USA","https://www.google.com/maps/search/?api=1&query=30.2895642,-97.7366761",Enter Notes
2026-04-16 05:07:36 PM,87.7,72.5,93.2,48.6,29.33,539,29.33,8.3,91.4,65.9,2779,7.0,-3.1,114,71.8,114,276.4,77.5,87.6,session,"Session - Apr 16, 2026 5:03:53 PM",2026-04-16 05:03:53 PM 5:03:53 PM,00:20:36,,"2515 Speedway, Austin, TX 78712, USA","https://www.google.com/maps/search/?api=1&query=30.2895642,-97.7366761",Enter Notes
2026-04-16 05:07:41 PM,87.7,72.3,93.0,48.4,29.34,539,29.33,6.9,91.4,65.8,2766,6.0,-4.0,124,71.6,124,277.3,77.3,87.6,session,"Session - Apr 16, 2026 5:03:53 PM",2026-04-16 05:03:53 PM 5:03:53 PM,00:20:36,,"2515 Speedway, Austin, TX 78712, USA","https://www.google.com/maps/search/?api=1&query=30.2895642,-97.7366761",Enter Notes
2026-04-16 05:07:46 PM,87.7,72.3,92.9,48.2,29.34,539,29.34,8.2,91.4,65.8,2771,8.0,-1.6,101,71.6,101,277.7,77.3,87.6,session,"Session - Apr 16, 2026 5:03:53 PM",2026-04-16 05:03:53 PM 5:03:53 PM,00:20:36,,"2515 Speedway, Austin, TX 78712, USA","https://www.google.com/maps/search/?api=1&query=30.2895642,-97.7366761",Enter Notes
2026-04-16 05:07:51 PM,87.5,72.3,92.9,48.2,29.34,539,29.34,10.7,91.0,65.6,2758,9.8,6.6,56,71.6,56,278.0,77.3,87.4,session,"Session - Apr 16, 2026 5:03:53 PM",2026-04-16 05:03:53 PM 5:03:53 PM,00:20:36,,"2515 Speedway, Austin, TX 78712, USA","https://www.google.com/maps/search/?api=1&query=30.2895642,-97.7366761",Enter Notes
2026-04-16 05:07:56 PM,87.2,71.8,92.9,48.1,29.34,535,29.34,16.7,90.3,65.1,2733,16.3,0.3,83,71.6,89,278.7,77.3,87.1,session,"Session - Apr 16, 2026 5:03:53 PM",2026-04-16 05:03:53 PM 5:03:53 PM,00:20:36,,"2515 Speedway, Austin, TX 78712, USA","https://www.google.com/maps/search/?api=1&query=30.2895642,-97.7366761",Enter Notes
2026-04-16 05:08:01 PM,87.2,71.8,92.8,48.1,29.33,540,29.33,10.0,90.3,65.1,2736,6.9,7.2,44,71.6,44,279.0,77.3,87.1,session,"Session - Apr 16, 2026 5:03:53 PM",2026-04-16 05:03:53 PM 5:03:53 PM,00:20:36,,"2515 Speedway, Austin, TX 78712, USA","https://www.google.com/maps/search/?api=1&query=30.2895642,-97.7366761",Enter Notes
2026-04-16 05:08:06 PM,87.3,72.0,92.8,48.0,29.33,539,29.33,13.7,90.7,65.2,2741,13.6,2.1,81,71.6,81,279.4,77.3,87.3,session,"Session - Apr 16, 2026 5:03:53 PM",2026-04-16 05:03:53 PM 5:03:53 PM,00:20:36,,"2515 Speedway, Austin, TX 78712, USA","https://www.google.com/maps/search/?api=1&query=30.2895642,-97.7366761",Enter Notes
2026-04-16 05:08:11 PM,86.9,71.4,92.8,48.0,29.34,539,29.34,11.0,90.1,64.8,2713,10.9,-0.6,93,71.6,93,279.8,77.3,86.9,session,"Session - Apr 16, 2026 5:03:53 PM",2026-04-16 05:03:53 PM 5:03:53 PM,00:20:36,,"2515 Speedway, Austin, TX 78712, USA","https://www.google.com/maps/search/?api=1&query=30.2895642,-97.7366761",Enter Notes
2026-04-16 05:08:16 PM,87.2,71.8,92.8,47.9,29.33,539,29.33,7.7,90.7,65.2,2733,6.4,1.5,77,71.6,77,280.0,77.3,87.3,session,"Session - Apr 16, 2026 5:03:53 PM",2026-04-16 05:03:53 PM 5:03:53 PM,00:20:36,,"2515 Speedway, Austin, TX 78712, USA","https://www.google.com/maps/search/?api=1&query=30.2895642,-97.7366761",Enter Notes
2026-04-16 05:08:21 PM,87.6,72.0,92.8,48.0,29.33,539,29.33,12.4,91.2,65.5,2766,12.1,2.6,78,71.6,78,280.0,77.3,87.6,session,"Session - Apr 16, 2026 5:03:53 PM",2026-04-16 05:03:53 PM 5:03:53 PM,00:20:36,,"2515 Speedway, Austin, TX 78712, USA","https://www.google.com/maps/search/?api=1&query=30.2895642,-97.7366761",Enter Notes
2026-04-16 05:08:26 PM,87.5,72.0,92.8,48.0,29.33,539,29.33,10.7,91.0,65.4,2761,10.7,1.5,82,71.6,82,280.4,77.3,87.4,session,"Session - Apr 16, 2026 5:03:53 PM",2026-04-16 05:03:53 PM 5:03:53 PM,00:20:36,,"2515 Speedway, Austin, TX 78712, USA","https://www.google.com/maps/search/?api=1&query=30.2895642,-97.7366761",Enter Notes
2026-04-16 05:08:31 PM,87.5,72.0,92.7,48.0,29.33,540,29.33,7.6,91.0,65.4,2756,8.2,-0.1,91,71.6,91,280.5,77.3,87.4,session,"Session - Apr 16, 2026 5:03:53 PM",2026-04-16 05:03:53 PM 5:03:53 PM,00:20:36,,"2515 Speedway, Austin, TX 78712, USA","https://www.google.com/maps/search/?api=1&query=30.2895642,-97.7366761",Enter Notes
2026-04-16 05:08:36 PM,87.5,72.0,92.7,48.0,29.33,540,29.33,7.1,91.0,65.5,2761,6.9,-0.1,91,71.6,91,280.5,77.3,87.4,session,"Session - Apr 16, 2026 5:03:53 PM",2026-04-16 05:03:53 PM 5:03:53 PM,00:20:36,,"2515 Speedway, Austin, TX 78712, USA","https://www.google.com/maps/search/?api=1&query=30.2895642,-97.7366761",Enter Notes
2026-04-16 05:08:41 PM,87.8,72.5,92.7,48.2,29.33,540,29.33,4.5,91.8,65.9,2791,3.3,-2.0,121,71.6,121,280.5,77.3,87.8,session,"Session - Apr 16, 2026 5:03:53 PM",2026-04-16 05:03:53 PM 5:03:53 PM,00:20:36,,"2515 Speedway, Austin, TX 78712, USA","https://www.google.com/maps/search/?api=1&query=30.2895642,-97.7366761",Enter Notes
2026-04-16 05:08:46 PM,88.0,72.5,92.7,48.3,29.34,539,29.34,8.2,91.8,66.0,2786,8.1,-1.3,99,71.6,99,280.2,77.3,87.8,session,"Session - Apr 16, 2026 5:03:53 PM",2026-04-16 05:03:53 PM 5:03:53 PM,00:20:36,,"2515 Speedway, Austin, TX 78712, USA","https://www.google.com/maps/search/?api=1&query=30.2895642,-97.7366761",Enter Notes
2026-04-16 05:08:51 PM,87.4,72.0,92.5,48.0,29.33,539,29.33,7.2,90.7,65.3,2753,7.1,1.3,80,71.6,80,280.3,77.3,87.3,session,"Session - Apr 16, 2026 5:03:53 PM",2026-04-16 05:03:53 PM 5:03:53 PM,00:20:36,,"2515 Speedway, Austin, TX 78712, USA","https://www.google.com/maps/search/?api=1&query=30.2895642,-97.7366761",Enter Notes
2026-04-16 05:08:56 PM,87.5,72.0,92.5,47.8,29.33,539,29.33,5.1,90.9,65.3,2758,4.7,-1.1,103,71.4,103,280.9,77.1,87.4,session,"Session - Apr 16, 2026 5:03:53 PM",2026-04-16 05:03:53 PM 5:03:53 PM,00:20:36,,"2515 Speedway, Austin, TX 78712, USA","https://www.google.com/maps/search/?api=1&query=30.2895642,-97.7366761",Enter Notes
2026-04-16 05:09:01 PM,87.8,72.3,92.5,47.8,29.33,540,29.33,5.9,91.4,65.6,2781,5.7,-1.4,104,71.4,104,281.1,77.1,87.8,session,"Session - Apr 16, 2026 5:03:53 PM",2026-04-16 05:03:53 PM 5:03:53 PM,00:20:36,,"2515 Speedway, Austin, TX 78712, USA","https://www.google.com/maps/search/?api=1&query=30.2895642,-97.7366761",Enter Notes
2026-04-16 05:09:06 PM,88.1,72.3,92.2,47.8,29.33,540,29.33,5.2,91.8,65.7,2794,5.4,-1.4,104,71.6,104,281.0,77.2,88.0,session,"Session - Apr 16, 2026 5:03:53 PM",2026-04-16 05:03:53 PM 5:03:53 PM,00:20:36,,"2515 Speedway, Austin, TX 78712, USA","https://www.google.com/maps/search/?api=1&query=30.2895642,-97.7366761",Enter Notes
2026-04-16 05:09:11 PM,87.8,72.1,92.2,47.7,29.33,540,29.33,8.3,91.0,65.5,2776,8.1,2.0,76,71.8,76,280.9,77.4,87.6,session,"Session - Apr 16, 2026 5:03:53 PM",2026-04-16 05:03:53 PM 5:03:53 PM,00:20:36,,"2515 Speedway, Austin, TX 78712, USA","https://www.google.com/maps/search/?api=1&query=30.2895642,-97.7366761",Enter Notes
2026-04-16 05:09:16 PM,87.5,72.0,92.0,47.6,29.33,539,29.33,9.0,90.9,65.1,2758,8.9,0.8,85,71.8,85,281.7,77.3,87.4,session,"Session - Apr 16, 2026 5:03:53 PM",2026-04-16 05:03:53 PM 5:03:53 PM,00:20:36,,"2515 Speedway, Austin, TX 78712, USA","https://www.google.com/maps/search/?api=1&query=30.2895642,-97.7366761",Enter Notes
2026-04-16 05:09:21 PM,87.2,71.4,92.0,47.4,29.34,539,29.34,12.3,90.1,64.7,2725,11.9,-0.8,94,71.8,94,281.7,77.3,87.1,session,"Session - Apr 16, 2026 5:03:53 PM",2026-04-16 05:03:53 PM 5:03:53 PM,00:20:36,,"2515 Speedway, Austin, TX 78712, USA","https://www.google.com/maps/search/?api=1&query=30.2895642,-97.7366761",Enter Notes
2026-04-16 05:09:26 PM,87.0,71.4,92.0,47.3,29.33,539,29.33,5.6,90.0,64.6,2718,5.8,-0.2,92,71.6,92,282.4,77.2,86.9,session,"Session - Apr 16, 2026 5:03:53 PM",2026-04-16 05:03:53 PM 5:03:53 PM,00:20:36,,"2515 Speedway, Austin, TX 78712, USA","https://www.google.com/maps/search/?api=1&query=30.2895642,-97.7366761",Enter Notes
2026-04-16 05:09:31 PM,87.1,71.4,92.0,47.4,29.33,539,29.33,7.8,90.0,64.7,2720,7.1,-3.2,114,71.8,114,281.6,77.3,86.9,session,"Session - Apr 16, 2026 5:03:53 PM",2026-04-16 05:03:53 PM 5:03:53 PM,00:20:36,,"2515 Speedway, Austin, TX 78712, USA","https://www.google.com/maps/search/?api=1&query=30.2895642,-97.7366761",Enter Notes
2026-04-16 05:09:36 PM,87.3,71.6,92.3,47.5,29.33,539,29.33,5.6,90.5,65.0,2743,5.6,-0.2,92,71.8,92,281.5,77.4,87.3,session,"Session - Apr 16, 2026 5:03:53 PM",2026-04-16 05:03:53 PM 5:03:53 PM,00:20:36,,"2515 Speedway, Austin, TX 78712, USA","https://www.google.com/maps/search/?api=1&query=30.2895642,-97.7366761",Enter Notes
2026-04-16 05:09:41 PM,87.2,71.6,92.3,47.6,29.33,539,29.33,7.7,90.1,64.9,2736,7.6,-1.2,99,71.8,99,281.3,77.4,87.1,session,"Session - Apr 16, 2026 5:03:53 PM",2026-04-16 05:03:53 PM 5:03:53 PM,00:20:36,,"2515 Speedway, Austin, TX 78712, USA","https://www.google.com/maps/search/?api=1&query=30.2895642,-97.7366761",Enter Notes
2026-04-16 05:09:46 PM,87.2,71.6,92.3,47.8,29.33,539,29.33,8.3,90.1,65.0,2733,8.2,1.1,82,71.8,82,281.2,77.4,87.1,session,"Session - Apr 16, 2026 5:03:53 PM",2026-04-16 05:03:53 PM 5:03:53 PM,00:20:36,,"2515 Speedway, Austin, TX 78712, USA","https://www.google.com/maps/search/?api=1&query=30.2895642,-97.7366761",Enter Notes
2026-04-16 05:09:51 PM,87.1,71.6,92.3,47.8,29.34,539,29.34,10.2,90.1,64.8,2720,11.2,4.1,70,71.8,70,281.2,77.4,86.9,session,"Session - Apr 16, 2026 5:03:53 PM",2026-04-16 05:03:53 PM 5:03:53 PM,00:20:36,,"2515 Speedway, Austin, TX 78712, USA","https://www.google.com/maps/search/?api=1&query=30.2895642,-97.7366761",Enter Notes
2026-04-16 05:09:56 PM,86.9,71.4,92.3,47.8,29.34,539,29.34,9.7,89.6,64.7,2708,8.1,2.6,72,71.8,72,281.2,77.4,86.7,session,"Session - Apr 16, 2026 5:03:53 PM",2026-04-16 05:03:53 PM 5:03:53 PM,00:20:36,,"2515 Speedway, Austin, TX 78712, USA","https://www.google.com/maps/search/?api=1&query=30.2895642,-97.7366761",Enter Notes
2026-04-16 05:10:01 PM,86.9,71.4,92.3,47.9,29.34,539,29.34,9.0,89.8,64.8,2710,8.7,-2.3,105,71.8,105,281.2,77.4,86.7,session,"Session - Apr 16, 2026 5:03:53 PM",2026-04-16 05:03:53 PM 5:03:53 PM,00:20:36,,"2515 Speedway, Austin, TX 78712, USA","https://www.google.com/maps/search/?api=1&query=30.2895642,-97.7366761",Enter Notes
2026-04-16 05:10:06 PM,86.8,71.4,92.3,48.0,29.34,539,29.34,9.2,89.8,64.7,2700,8.8,2.9,72,71.8,72,280.8,77.4,86.7,session,"Session - Apr 16, 2026 5:03:53 PM",2026-04-16 05:03:53 PM 5:03:53 PM,00:20:36,,"2515 Speedway, Austin, TX 78712, USA","https://www.google.com/maps/search/?api=1&query=30.2895642,-97.7366761",Enter Notes
2026-04-16 05:10:11 PM,86.9,71.6,92.3,48.1,29.33,539,29.33,13.7,89.8,64.9,2713,12.0,6.7,61,71.8,61,281.0,77.4,86.7,session,"Session - Apr 16, 2026 5:03:53 PM",2026-04-16 05:03:53 PM 5:03:53 PM,00:20:36,,"2515 Speedway, Austin, TX 78712, USA","https://www.google.com/maps/search/?api=1&query=30.2895642,-97.7366761",Enter Notes
2026-04-16 05:10:16 PM,86.8,71.4,92.3,48.1,29.34,539,29.34,14.1,89.8,64.8,2703,13.6,-3.6,105,71.8,105,281.6,77.4,86.7,session,"Session - Apr 16, 2026 5:03:53 PM",2026-04-16 05:03:53 PM 5:03:53 PM,00:20:36,,"2515 Speedway, Austin, TX 78712, USA","https://www.google.com/maps/search/?api=1&query=30.2895642,-97.7366761",Enter Notes
2026-04-16 05:10:21 PM,86.8,71.4,92.3,48.0,29.33,539,29.33,9.3,89.8,64.8,2713,8.4,-1.0,97,71.8,97,281.8,77.4,86.7,session,"Session - Apr 16, 2026 5:03:53 PM",2026-04-16 05:03:53 PM 5:03:53 PM,00:20:36,,"2515 Speedway, Austin, TX 78712, USA","https://www.google.com/maps/search/?api=1&query=30.2895642,-97.7366761",Enter Notes
2026-04-16 05:10:26 PM,86.8,71.4,92.2,48.0,29.34,539,29.34,13.9,89.8,64.8,2708,13.8,1.0,86,71.8,86,282.1,77.4,86.7,session,"Session - Apr 16, 2026 5:03:53 PM",2026-04-16 05:03:53 PM 5:03:53 PM,00:20:36,,"2515 Speedway, Austin, TX 78712, USA","https://www.google.com/maps/search/?api=1&query=30.2895642,-97.7366761",Enter Notes
2026-04-16 05:10:31 PM,86.8,71.4,92.2,47.9,29.34,535,29.34,12.7,89.8,64.8,2708,12.2,-2.8,103,71.8,103,282.6,77.4,86.7,session,"Session - Apr 16, 2026 5:03:53 PM",2026-04-16 05:03:53 PM 5:03:53 PM,00:20:36,,"2515 Speedway, Austin, TX 78712, USA","https://www.google.com/maps/search/?api=1&query=30.2895642,-97.7366761",Enter Notes
2026-04-16 05:10:36 PM,86.7,71.4,92.2,48.0,29.34,539,29.34,13.0,89.4,64.7,2697,12.0,0.2,89,71.8,89,282.8,77.3,86.5,session,"Session - Apr 16, 2026 5:03:53 PM",2026-04-16 05:03:53 PM 5:03:53 PM,00:20:36,,"2515 Speedway, Austin, TX 78712, USA","https://www.google.com/maps/search/?api=1&query=30.2895642,-97.7366761",Enter Notes
2026-04-16 05:10:41 PM,86.7,71.4,92.2,48.0,29.34,535,29.34,13.5,89.8,64.7,2700,13.7,-1.4,96,71.8,96,283.0,77.3,86.7,session,"Session - Apr 16, 2026 5:03:53 PM",2026-04-16 05:03:53 PM 5:03:53 PM,00:20:36,,"2515 Speedway, Austin, TX 78712, USA","https://www.google.com/maps/search/?api=1&query=30.2895642,-97.7366761",Enter Notes
2026-04-16 05:10:46 PM,86.8,71.4,92.1,48.1,29.34,532,29.34,13.5,89.8,64.8,2695,13.5,-0.5,92,71.8,92,283.8,77.3,86.7,session,"Session - Apr 16, 2026 5:03:53 PM",2026-04-16 05:03:53 PM 5:03:53 PM,00:20:36,,"2515 Speedway, Austin, TX 78712, USA","https://www.google.com/maps/search/?api=1&query=30.2895642,-97.7366761",Enter Notes
2026-04-16 05:10:51 PM,86.8,71.4,92.1,48.2,29.34,535,29.34,10.1,89.8,64.8,2700,9.9,-2.1,102,71.8,102,284.2,77.3,86.7,session,"Session - Apr 16, 2026 5:03:53 PM",2026-04-16 05:03:53 PM 5:03:53 PM,00:20:36,,"2515 Speedway, Austin, TX 78712, USA","https://www.google.com/maps/search/?api=1&query=30.2895642,-97.7366761",Enter Notes
2026-04-16 05:10:56 PM,86.8,71.6,92.1,48.3,29.34,535,29.34,9.8,90.0,65.0,2705,9.7,-1.4,98,71.8,98,284.5,77.3,86.7,session,"Session - Apr 16, 2026 5:03:53 PM",2026-04-16 05:03:53 PM 5:03:53 PM,00:20:36,,"2515 Speedway, Austin, TX 78712, USA","https://www.google.com/maps/search/?api=1&query=30.2895642,-97.7366761",Enter Notes
2026-04-16 05:11:01 PM,87.2,72.0,92.0,48.3,29.34,539,29.34,7.1,90.9,65.4,2743,7.2,2.8,83,71.8,69,284.7,77.3,87.3,session,"Session - Apr 16, 2026 5:03:53 PM",2026-04-16 05:03:53 PM 5:03:53 PM,00:20:36,,"2515 Speedway, Austin, TX 78712, USA","https://www.google.com/maps/search/?api=1&query=30.2895642,-97.7366761",Enter Notes
2026-04-16 05:11:06 PM,88.0,72.5,91.8,48.3,29.33,539,29.33,9.6,92.1,66.0,2791,7.8,3.3,67,71.8,67,285.0,77.3,88.0,session,"Session - Apr 16, 2026 5:03:53 PM",2026-04-16 05:03:53 PM 5:03:53 PM,00:20:36,,"2515 Speedway, Austin, TX 78712, USA","https://www.google.com/maps/search/?api=1&query=30.2895642,-97.7366761",Enter Notes
2026-04-16 05:11:11 PM,88.2,72.7,91.7,48.1,29.33,539,29.33,6.4,92.3,66.1,2812,5.6,3.1,61,71.8,61,285.1,77.3,88.2,session,"Session - Apr 16, 2026 5:03:53 PM",2026-04-16 05:03:53 PM 5:03:53 PM,00:20:36,,"2515 Speedway, Austin, TX 78712, USA","https://www.google.com/maps/search/?api=1&query=30.2895642,-97.7366761",Enter Notes
2026-04-16 05:11:16 PM,88.3,72.5,91.7,47.8,29.33,540,29.33,8.8,92.7,66.1,2817,7.4,4.8,57,71.8,57,285.2,77.3,88.3,session,"Session - Apr 16, 2026 5:03:53 PM",2026-04-16 05:03:53 PM 5:03:53 PM,00:20:36,,"2515 Speedway, Austin, TX 78712, USA","https://www.google.com/maps/search/?api=1&query=30.2895642,-97.7366761",Enter Notes
2026-04-16 05:11:21 PM,87.8,72.0,91.7,47.5,29.33,539,29.33,11.6,91.0,65.2,2761,11.7,2.5,81,71.6,78,286.1,77.1,87.6,session,"Session - Apr 16, 2026 5:03:53 PM",2026-04-16 05:03:53 PM 5:03:53 PM,00:20:36,,"2515 Speedway, Austin, TX 78712, USA","https://www.google.com/maps/search/?api=1&query=30.2895642,-97.7366761",Enter Notes
2026-04-16 05:11:26 PM,87.3,71.6,91.7,47.2,29.34,539,29.34,10.7,90.3,64.7,2736,10.5,2.0,79,71.6,79,286.5,77.1,87.3,session,"Session - Apr 16, 2026 5:03:53 PM",2026-04-16 05:03:53 PM 5:03:53 PM,00:20:36,,"2515 Speedway, Austin, TX 78712, USA","https://www.google.com/maps/search/?api=1&query=30.2895642,-97.7366761",Enter Notes
2026-04-16 05:11:31 PM,87.2,71.4,91.7,47.1,29.34,539,29.34,7.5,90.0,64.5,2723,7.3,1.9,75,71.6,75,286.6,77.1,87.1,session,"Session - Apr 16, 2026 5:03:53 PM",2026-04-16 05:03:53 PM 5:03:53 PM,00:20:36,,"2515 Speedway, Austin, TX 78712, USA","https://www.google.com/maps/search/?api=1&query=30.2895642,-97.7366761",Enter Notes
2026-04-16 05:11:36 PM,87.4,71.6,91.6,47.2,29.34,539,29.34,9.5,90.3,64.8,2743,9.2,2.6,74,71.6,74,286.7,77.1,87.3,session,"Session - Apr 16, 2026 5:03:53 PM",2026-04-16 05:03:53 PM 5:03:53 PM,00:20:36,,"2515 Speedway, Austin, TX 78712, USA","https://www.google.com/maps/search/?api=1&query=30.2895642,-97.7366761",Enter Notes
2026-04-16 05:11:41 PM,87.5,71.8,91.6,47.2,29.33,539,29.33,7.9,90.7,65.0,2756,7.4,2.8,69,71.6,69,286.7,77.1,87.4,session,"Session - Apr 16, 2026 5:03:53 PM",2026-04-16 05:03:53 PM 5:03:53 PM,00:20:36,,"2515 Speedway, Austin, TX 78712, USA","https://www.google.com/maps/search/?api=1&query=30.2895642,-97.7366761",Enter Notes
2026-04-16 05:11:46 PM,87.9,72.1,91.6,47.3,29.33,540,29.33,7.8,91.2,65.3,2779,7.8,0.3,88,71.6,88,286.7,77.1,87.8,session,"Session - Apr 16, 2026 5:03:53 PM",2026-04-16 05:03:53 PM 5:03:53 PM,00:20:36,,"2515 Speedway, Austin, TX 78712, USA","https://www.google.com/maps/search/?api=1&query=30.2895642,-97.7366761",Enter Notes
2026-04-16 05:11:51 PM,88.6,72.5,91.6,47.1,29.33,539,29.33,11.2,92.7,65.8,2827,11.2,-0.2,91,71.6,91,286.7,77.1,88.5,session,"Session - Apr 16, 2026 5:03:53 PM",2026-04-16 05:03:53 PM 5:03:53 PM,00:20:36,,"2515 Speedway, Austin, TX 78712, USA","https://www.google.com/maps/search/?api=1&query=30.2895642,-97.7366761",Enter Notes
2026-04-16 05:11:56 PM,88.2,72.3,91.6,47.0,29.34,539,29.34,6.4,91.9,65.4,2796,6.0,-2.2,110,71.4,110,287.4,77.0,88.2,session,"Session - Apr 16, 2026 5:03:53 PM",2026-04-16 05:03:53 PM 5:03:53 PM,00:20:36,,"2515 Speedway, Austin, TX 78712, USA","https://www.google.com/maps/search/?api=1&query=30.2895642,-97.7366761",Enter Notes
2026-04-16 05:12:01 PM,87.6,71.8,91.6,47.0,29.34,539,29.34,5.0,90.7,64.8,2756,4.6,-1.8,112,71.4,112,287.2,77.0,87.4,session,"Session - Apr 16, 2026 5:03:53 PM",2026-04-16 05:03:53 PM 5:03:53 PM,00:20:36,,"2515 Speedway, Austin, TX 78712, USA","https://www.google.com/maps/search/?api=1&query=30.2895642,-97.7366761",Enter Notes
2026-04-16 05:12:06 PM,87.4,71.6,91.6,47.0,29.34,539,29.34,3.2,90.3,64.7,2738,2.8,-1.1,112,71.4,112,286.7,77.0,87.3,session,"Session - Apr 16, 2026 5:03:53 PM",2026-04-16 05:03:53 PM 5:03:53 PM,00:20:36,,"2515 Speedway, Austin, TX 78712, USA","https://www.google.com/maps/search/?api=1&query=30.2895642,-97.7366761",Enter Notes
2026-04-16 05:12:11 PM,87.3,71.4,91.7,47.0,29.34,535,29.34,6.0,90.3,64.6,2730,5.9,-1.1,101,71.4,101,286.4,77.0,87.3,session,"Session - Apr 16, 2026 5:03:53 PM",2026-04-16 05:03:53 PM 5:03:53 PM,00:20:36,,"2515 Speedway, Austin, TX 78712, USA","https://www.google.com/maps/search/?api=1&query=30.2895642,-97.7366761",Enter Notes
2026-04-16 05:12:16 PM,87.2,71.4,91.7,47.1,29.33,539,29.33,8.4,90.0,64.6,2725,8.3,1.3,81,71.6,81,285.3,77.1,87.1,session,"Session - Apr 16, 2026 5:03:53 PM",2026-04-16 05:03:53 PM 5:03:53 PM,00:20:36,,"2515 Speedway, Austin, TX 78712, USA","https://www.google.com/maps/search/?api=1&query=30.2895642,-97.7366761",Enter Notes
2026-04-16 05:12:21 PM,87.0,71.4,91.7,47.2,29.34,539,29.34,8.5,89.8,64.5,2715,8.2,-2.2,105,71.6,105,285.2,77.1,86.9,session,"Session - Apr 16, 2026 5:03:53 PM",2026-04-16 05:03:53 PM 5:03:53 PM,00:20:36,,"2515 Speedway, Austin, TX 78712, USA","https://www.google.com/maps/search/?api=1&query=30.2895642,-97.7366761",Enter Notes
2026-04-16 05:12:26 PM,87.1,71.4,91.7,47.3,29.34,539,29.34,6.3,90.1,64.7,2720,4.9,-2.2,114,71.6,114,284.9,77.1,87.1,session,"Session - Apr 16, 2026 5:03:53 PM",2026-04-16 05:03:53 PM 5:03:53 PM,00:20:36,,"2515 Speedway, Austin, TX 78712, USA","https://www.google.com/maps/search/?api=1&query=30.2895642,-97.7366761",Enter Notes
2026-04-16 05:12:31 PM,87.2,71.4,91.7,47.5,29.34,539,29.34,4.5,90.1,64.8,2725,4.0,-2.0,116,71.6,116,284.6,77.1,87.1,session,"Session - Apr 16, 2026 5:03:53 PM",2026-04-16 05:03:53 PM 5:03:53 PM,00:20:36,,"2515 Speedway, Austin, TX 78712, USA","https://www.google.com/maps/search/?api=1&query=30.2895642,-97.7366761",Enter Notes
2026-04-16 05:12:36 PM,87.2,71.6,91.7,47.5,29.34,539,29.34,3.4,90.5,65.0,2743,3.0,-1.6,118,71.6,118,283.9,77.1,87.3,session,"Session - Apr 16, 2026 5:03:53 PM",2026-04-16 05:03:53 PM 5:03:53 PM,00:20:36,,"2515 Speedway, Austin, TX 78712, USA","https://www.google.com/maps/search/?api=1&query=30.2895642,-97.7366761",Enter Notes
2026-04-16 05:12:41 PM,88.3,72.5,91.7,47.6,29.34,539,29.34,3.1,92.1,65.9,2812,2.7,-1.4,117,71.6,117,283.7,77.1,88.2,session,"Session - Apr 16, 2026 5:03:53 PM",2026-04-16 05:03:53 PM 5:03:53 PM,00:20:36,,"2515 Speedway, Austin, TX 78712, USA","https://www.google.com/maps/search/?api=1&query=30.2895642,-97.7366761",Enter Notes
2026-04-16 05:12:46 PM,88.6,72.9,91.8,47.5,29.34,539,29.34,3.2,92.8,66.1,2835,2.4,-1.2,117,71.6,117,282.9,77.1,88.5,session,"Session - Apr 16, 2026 5:03:53 PM",2026-04-16 05:03:53 PM 5:03:53 PM,00:20:36,,"2515 Speedway, Austin, TX 78712, USA","https://www.google.com/maps/search/?api=1&query=30.2895642,-97.7366761",Enter Notes
2026-04-16 05:12:51 PM,89.1,73.0,91.8,47.2,29.34,539,29.34,2.0,93.7,66.4,2863,1.7,-0.9,118,71.6,118,282.6,77.1,89.1,session,"Session - Apr 16, 2026 5:03:53 PM",2026-04-16 05:03:53 PM 5:03:53 PM,00:20:36,,"2515 Speedway, Austin, TX 78712, USA","https://www.google.com/maps/search/?api=1&query=30.2895642,-97.7366761",Enter Notes
2026-04-16 05:12:56 PM,89.5,73.4,91.6,46.9,29.33,539,29.34,2.9,94.3,66.6,2896,2.7,-1.4,117,71.6,117,282.7,77.1,89.4,session,"Session - Apr 16, 2026 5:03:53 PM",2026-04-16 05:03:53 PM 5:03:53 PM,00:20:36,,"2515 Speedway, Austin, TX 78712, USA","https://www.google.com/maps/search/?api=1&query=30.2895642,-97.7366761",Enter Notes
2026-04-16 05:13:01 PM,89.6,73.2,91.6,46.6,29.34,539,29.34,3.8,94.3,66.4,2893,3.3,-1.7,117,71.6,117,282.6,77.1,89.4,session,"Session - Apr 16, 2026 5:03:53 PM",2026-04-16 05:03:53 PM 5:03:53 PM,00:20:36,,"2515 Speedway, Austin, TX 78712, USA","https://www.google.com/maps/search/?api=1&query=30.2895642,-97.7366761",Enter Notes
2026-04-16 05:13:06 PM,89.5,73.0,91.7,46.3,29.34,539,29.34,3.7,94.1,66.1,2880,3.0,-1.6,118,71.6,118,281.7,77.2,89.4,session,"Session - Apr 16, 2026 5:03:53 PM",2026-04-16 05:03:53 PM 5:03:53 PM,00:20:36,,"2515 Speedway, Austin, TX 78712, USA","https://www.google.com/maps/search/?api=1&query=30.2895642,-97.7366761",Enter Notes
2026-04-16 05:13:11 PM,89.5,72.9,91.7,46.1,29.34,535,29.34,5.2,93.9,66.0,2883,5.0,-1.5,107,71.4,107,281.9,77.0,89.4,session,"Session - Apr 16, 2026 5:03:53 PM",2026-04-16 05:03:53 PM 5:03:53 PM,00:20:36,,"2515 Speedway, Austin, TX 78712, USA","https://www.google.com/maps/search/?api=1&query=30.2895642,-97.7366761",Enter Notes
2026-04-16 05:13:16 PM,89.1,72.5,92.0,45.8,29.33,539,29.33,4.3,93.0,65.5,2857,4.0,-1.5,111,71.2,111,281.9,77.0,89.1,session,"Session - Apr 16, 2026 5:03:53 PM",2026-04-16 05:03:53 PM 5:03:53 PM,00:20:36,,"2515 Speedway, Austin, TX 78712, USA","https://www.google.com/maps/search/?api=1&query=30.2895642,-97.7366761",Enter Notes
2026-04-16 05:13:21 PM,89.2,72.3,92.1,45.5,29.33,539,29.33,4.0,92.8,65.4,2857,3.7,-1.4,111,71.2,111,281.2,77.0,89.1,session,"Session - Apr 16, 2026 5:03:53 PM",2026-04-16 05:03:53 PM 5:03:53 PM,00:20:36,,"2515 Speedway, Austin, TX 78712, USA","https://www.google.com/maps/search/?api=1&query=30.2895642,-97.7366761",Enter Notes
2026-04-16 05:13:26 PM,89.5,72.9,92.1,45.3,29.34,535,29.34,5.0,93.6,65.6,2880,6.5,-0.5,95,71.2,94,280.2,77.0,89.4,session,"Session - Apr 16, 2026 5:03:53 PM",2026-04-16 05:03:53 PM 5:03:53 PM,00:20:36,,"2515 Speedway, Austin, TX 78712, USA","https://www.google.com/maps/search/?api=1&query=30.2895642,-97.7366761",Enter Notes
2026-04-16 05:13:31 PM,89.2,72.3,92.2,45.3,29.34,535,29.34,6.2,92.8,65.2,2852,6.2,-0.5,95,71.2,95,279.8,77.0,89.1,session,"Session - Apr 16, 2026 5:03:53 PM",2026-04-16 05:03:53 PM 5:03:53 PM,00:20:36,,"2515 Speedway, Austin, TX 78712, USA","https://www.google.com/maps/search/?api=1&query=30.2895642,-97.7366761",Enter Notes
2026-04-16 05:13:36 PM,89.1,72.3,92.5,45.4,29.34,539,29.34,7.5,92.8,65.2,2845,6.8,1.4,78,71.2,78,279.1,77.1,89.1,session,"Session - Apr 16, 2026 5:03:53 PM",2026-04-16 05:03:53 PM 5:03:53 PM,00:20:36,,"2515 Speedway, Austin, TX 78712, USA","https://www.google.com/maps/search/?api=1&query=30.2895642,-97.7366761",Enter Notes
2026-04-16 05:13:41 PM,89.1,72.3,92.6,45.3,29.34,539,29.34,5.6,92.8,65.2,2850,4.3,0.6,82,71.2,82,278.7,77.1,89.1,session,"Session - Apr 16, 2026 5:03:53 PM",2026-04-16 05:03:53 PM 5:03:53 PM,00:20:36,,"2515 Speedway, Austin, TX 78712, USA","https://www.google.com/maps/search/?api=1&query=30.2895642,-97.7366761",Enter Notes
2026-04-16 05:13:46 PM,89.4,72.5,92.6,45.3,29.34,535,29.34,6.7,93.2,65.4,2863,5.7,-2.5,114,71.2,114,277.8,77.1,89.2,session,"Session - Apr 16, 2026 5:03:53 PM",2026-04-16 05:03:53 PM 5:03:53 PM,00:20:36,,"2515 Speedway, Austin, TX 78712, USA","https://www.google.com/maps/search/?api=1&query=30.2895642,-97.7366761",Enter Notes
2026-04-16 05:13:51 PM,88.8,72.1,92.7,45.4,29.34,539,29.34,3.6,92.1,64.9,2824,3.4,-1.4,113,71.3,113,277.2,77.2,88.7,session,"Session - Apr 16, 2026 5:03:53 PM",2026-04-16 05:03:53 PM 5:03:53 PM,00:20:36,,"2515 Speedway, Austin, TX 78712, USA","https://www.google.com/maps/search/?api=1&query=30.2895642,-97.7366761",Enter Notes
2026-04-16 05:13:56 PM,88.5,72.0,93.0,45.6,29.34,539,29.34,4.9,91.6,64.8,2809,4.6,-1.6,109,71.3,109,276.2,77.3,88.3,session,"Session - Apr 16, 2026 5:03:53 PM",2026-04-16 05:03:53 PM 5:03:53 PM,00:20:36,,"2515 Speedway, Austin, TX 78712, USA","https://www.google.com/maps/search/?api=1&query=30.2895642,-97.7366761",Enter Notes
2026-04-16 05:14:01 PM,88.5,72.0,93.1,45.7,29.34,535,29.34,4.3,91.6,64.8,2809,4.4,0.6,82,71.4,82,275.5,77.3,88.3,session,"Session - Apr 16, 2026 5:03:53 PM",2026-04-16 05:03:53 PM 5:03:53 PM,00:20:36,,"2515 Speedway, Austin, TX 78712, USA","https://www.google.com/maps/search/?api=1&query=30.2895642,-97.7366761",Enter Notes
2026-04-16 05:14:06 PM,88.5,72.0,93.1,45.7,29.34,539,29.34,5.0,91.6,64.9,2812,5.4,1.6,73,71.4,73,274.6,77.3,88.3,session,"Session - Apr 16, 2026 5:03:53 PM",2026-04-16 05:03:53 PM 5:03:53 PM,00:20:36,,"2515 Speedway, Austin, TX 78712, USA","https://www.google.com/maps/search/?api=1&query=30.2895642,-97.7366761",Enter Notes
2026-04-16 05:14:11 PM,88.5,72.0,93.2,45.7,29.34,535,29.34,5.1,91.6,64.9,2814,4.4,2.6,60,71.4,60,274.1,77.3,88.3,session,"Session - Apr 16, 2026 5:03:53 PM",2026-04-16 05:03:53 PM 5:03:53 PM,00:20:36,,"2515 Speedway, Austin, TX 78712, USA","https://www.google.com/maps/search/?api=1&query=30.2895642,-97.7366761",Enter Notes
2026-04-16 05:14:16 PM,88.3,71.8,93.3,45.8,29.34,539,29.34,5.0,91.2,64.7,2796,3.4,3.7,42,71.4,42,273.3,77.3,88.2,session,"Session - Apr 16, 2026 5:03:53 PM",2026-04-16 05:03:53 PM 5:03:53 PM,00:20:36,,"2515 Speedway, Austin, TX 78712, USA","https://www.google.com/maps/search/?api=1&query=30.2895642,-97.7366761",Enter Notes
2026-04-16 05:14:21 PM,88.5,72.0,93.5,45.8,29.34,535,29.34,4.1,91.6,65.0,2807,3.4,2.3,56,71.4,56,272.8,77.4,88.3,session,"Session - Apr 16, 2026 5:03:53 PM",2026-04-16 05:03:53 PM 5:03:53 PM,00:20:36,,"2515 Speedway, Austin, TX 78712, USA","https://www.google.com/maps/search/?api=1&query=30.2895642,-97.7366761",Enter Notes
2026-04-16 05:14:26 PM,88.9,72.3,93.4,45.9,29.34,535,29.34,3.0,92.5,65.3,2835,2.5,-1.6,123,71.6,123,271.7,77.5,88.7,session,"Session - Apr 16, 2026 5:03:53 PM",2026-04-16 05:03:53 PM 5:03:53 PM,00:20:36,,"2515 Speedway, Austin, TX 78712, USA","https://www.google.com/maps/search/?api=1&query=30.2895642,-97.7366761",Enter Notes
2026-04-16 05:14:31 PM,88.8,72.3,93.4,46.0,29.34,535,29.34,3.0,92.5,65.4,2837,2.4,-2.1,131,71.6,131,271.1,77.5,88.7,session,"Session - Apr 16, 2026 5:03:53 PM",2026-04-16 05:03:53 PM 5:03:53 PM,00:20:36,,"2515 Speedway, Austin, TX 78712, USA","https://www.google.com/maps/search/?api=1&query=30.2895642,-97.7366761",Enter Notes
2026-04-16 05:14:36 PM,88.6,72.3,93.2,46.0,29.34,535,29.34,2.4,92.1,65.2,2822,1.8,-1.6,131,71.9,131,270.4,77.8,88.5,session,"Session - Apr 16, 2026 5:03:53 PM",2026-04-16 05:03:53 PM 5:03:53 PM,00:20:36,,"2515 Speedway, Austin, TX 78712, USA","https://www.google.com/maps/search/?api=1&query=30.2895642,-97.7366761",Enter Notes
2026-04-16 05:14:41 PM,88.7,72.3,92.8,46.1,29.34,535,29.34,4.7,92.5,65.4,2829,4.3,-1.8,113,72.5,113,271.3,78.2,88.7,session,"Session - Apr 16, 2026 5:03:53 PM",2026-04-16 05:03:53 PM 5:03:53 PM,00:20:36,,"2515 Speedway, Austin, TX 78712, USA","https://www.google.com/maps/search/?api=1&query=30.2895642,-97.7366761",Enter Notes
2026-04-16 05:14:46 PM,88.6,72.3,92.9,46.2,29.34,535,29.34,7.1,92.3,65.3,2817,6.9,0.4,87,72.5,87,270.9,78.2,88.5,session,"Session - Apr 16, 2026 5:03:53 PM",2026-04-16 05:03:53 PM 5:03:53 PM,00:20:36,,"2515 Speedway, Austin, TX 78712, USA","https://www.google.com/maps/search/?api=1&query=30.2895642,-97.7366761",Enter Notes
2026-04-16 05:14:51 PM,88.2,72.0,92.9,46.4,29.34,535,29.34,6.5,91.6,65.0,2786,5.5,-1.9,109,72.7,109,269.9,78.3,88.2,session,"Session - Apr 16, 2026 5:03:53 PM",2026-04-16 05:03:53 PM 5:03:53 PM,00:20:36,,"2515 Speedway, Austin, TX 78712, USA","https://www.google.com/maps/search/?api=1&query=30.2895642,-97.7366761",Enter Notes
2026-04-16 05:14:56 PM,88.6,72.3,93.2,46.6,29.34,535,29.34,5.0,92.5,65.5,2824,4.8,1.3,75,72.7,75,269.0,78.3,88.5,session,"Session - Apr 16, 2026 5:03:53 PM",2026-04-16 05:03:53 PM 5:03:53 PM,00:20:36,,"2515 Speedway, Austin, TX 78712, USA","https://www.google.com/maps/search/?api=1&query=30.2895642,-97.7366761",Enter Notes
2026-04-16 05:15:01 PM,89.2,72.9,93.2,46.6,29.34,535,29.34,5.1,93.6,66.1,2863,4.9,-1.1,103,72.7,103,268.6,78.3,89.1,session,"Session - Apr 16, 2026 5:03:53 PM",2026-04-16 05:03:53 PM 5:03:53 PM,00:20:36,,"2515 Speedway, Austin, TX 78712, USA","https://www.google.com/maps/search/?api=1&query=30.2895642,-97.7366761",Enter Notes
2026-04-16 05:15:06 PM,88.8,72.5,93.3,46.5,29.34,535,29.34,5.8,92.7,65.7,2837,5.9,-0.1,91,72.7,91,268.2,78.3,88.7,session,"Session - Apr 16, 2026 5:03:53 PM",2026-04-16 05:03:53 PM 5:03:53 PM,00:20:36,,"2515 Speedway, Austin, TX 78712, USA","https://www.google.com/maps/search/?api=1&query=30.2895642,-97.7366761",Enter Notes
2026-04-16 05:15:11 PM,88.7,72.5,93.3,46.5,29.34,539,29.34,5.8,92.7,65.6,2829,5.7,1.1,79,72.7,79,267.9,78.3,88.7,session,"Session - Apr 16, 2026 5:03:53 PM",2026-04-16 05:03:53 PM 5:03:53 PM,00:20:36,,"2515 Speedway, Austin, TX 78712, USA","https://www.google.com/maps/search/?api=1&query=30.2895642,-97.7366761",Enter Notes
2026-04-16 05:15:16 PM,88.6,72.3,93.3,46.4,29.34,539,29.34,7.4,92.3,65.4,2817,6.5,3.6,61,72.7,61,267.6,78.4,88.5,session,"Session - Apr 16, 2026 5:03:53 PM",2026-04-16 05:03:53 PM 5:03:53 PM,00:20:36,,"2515 Speedway, Austin, TX 78712, USA","https://www.google.com/maps/search/?api=1&query=30.2895642,-97.7366761",Enter Notes
2026-04-16 05:15:21 PM,88.4,72.1,93.4,46.5,29.34,539,29.34,8.6,91.9,65.3,2807,7.6,-1.8,103,72.7,103,267.7,78.4,88.3,session,"Session - Apr 16, 2026 5:03:53 PM",2026-04-16 05:03:53 PM 5:03:53 PM,00:20:36,,"2515 Speedway, Austin, TX 78712, USA","https://www.google.com/maps/search/?api=1&query=30.2895642,-97.7366761",Enter Notes
2026-04-16 05:15:26 PM,88.3,72.1,93.4,46.5,29.34,535,29.34,8.6,91.8,65.2,2802,9.9,0.7,86,72.7,86,267.8,78.4,88.2,session,"Session - Apr 16, 2026 5:03:53 PM",2026-04-16 05:03:53 PM 5:03:53 PM,00:20:36,,"2515 Speedway, Austin, TX 78712, USA","https://www.google.com/maps/search/?api=1&query=30.2895642,-97.7366761",Enter Notes
2026-04-16 05:15:31 PM,87.6,71.6,93.9,46.5,29.34,535,29.34,7.7,90.7,64.6,2758,7.6,1.1,82,72.3,82,267.6,78.2,87.6,session,"Session - Apr 16, 2026 5:03:53 PM",2026-04-16 05:03:53 PM 5:03:53 PM,00:20:36,,"2515 Speedway, Austin, TX 78712, USA","https://www.google.com/maps/search/?api=1&query=30.2895642,-97.7366761",Enter Notes
2026-04-16 05:15:36 PM,87.3,71.2,94.4,46.5,29.34,535,29.34,7.2,90.1,64.3,2733,5.7,4.4,52,71.9,52,266.7,78.0,87.3,session,"Session - Apr 16, 2026 5:03:53 PM",2026-04-16 05:03:53 PM 5:03:53 PM,00:20:36,,"2515 Speedway, Austin, TX 78712, USA","https://www.google.com/maps/search/?api=1&query=30.2895642,-97.7366761",Enter Notes
2026-04-16 05:15:41 PM,87.2,71.2,94.4,46.7,29.34,535,29.34,8.0,90.0,64.3,2725,8.2,2.2,75,73.2,75,266.7,78.8,87.1,session,"Session - Apr 16, 2026 5:03:53 PM",2026-04-16 05:03:53 PM 5:03:53 PM,00:20:36,,"2515 Speedway, Austin, TX 78712, USA","https://www.google.com/maps/search/?api=1&query=30.2895642,-97.7366761",Enter Notes
2026-04-16 05:15:46 PM,87.4,71.6,94.4,46.9,29.34,535,29.34,8.9,90.3,64.7,2738,8.8,-1.2,98,73.4,98,266.2,79.0,87.3,session,"Session - Apr 16, 2026 5:03:53 PM",2026-04-16 05:03:53 PM 5:03:53 PM,00:20:36,,"2515 Speedway, Austin, TX 78712, USA","https://www.google.com/maps/search/?api=1&query=30.2895642,-97.7366761",Enter Notes
2026-04-16 05:15:51 PM,87.5,71.8,94.4,47.3,29.34,539,29.34,6.7,90.9,64.9,2746,6.5,-1.3,101,73.4,101,266.2,79.0,87.4,session,"Session - Apr 16, 2026 5:03:53 PM",2026-04-16 05:03:53 PM 5:03:53 PM,00:20:36,,"2515 Speedway, Austin, TX 78712, USA","https://www.google.com/maps/search/?api=1&query=30.2895642,-97.7366761",Enter Notes
2026-04-16 05:15:56 PM,87.4,71.8,94.4,47.4,29.34,535,29.34,8.3,90.5,65.0,2743,8.2,-1.0,97,73.6,97,265.4,79.1,87.3,session,"Session - Apr 16, 2026 5:03:53 PM",2026-04-16 05:03:53 PM 5:03:53 PM,00:20:36,,"2515 Speedway, Austin, TX 78712, USA","https://www.google.com/maps/search/?api=1&query=30.2895642,-97.7366761",Enter Notes
2026-04-16 05:16:01 PM,87.2,71.6,94.6,47.6,29.34,535,29.34,9.0,90.1,64.8,2730,9.0,-0.6,94,73.6,94,265.8,79.2,87.1,session,"Session - Apr 16, 2026 5:03:53 PM",2026-04-16 05:03:53 PM 5:03:53 PM,00:20:36,,"2515 Speedway, Austin, TX 78712, USA","https://www.google.com/maps/search/?api=1&query=30.2895642,-97.7366761",Enter Notes
2026-04-16 05:16:06 PM,87.1,71.6,94.6,47.8,29.34,535,29.34,6.7,90.3,64.9,2725,6.5,-1.5,103,73.7,103,265.7,79.2,87.1,session,"Session - Apr 16, 2026 5:03:53 PM",2026-04-16 05:03:53 PM 5:03:53 PM,00:20:36,,"2515 Speedway, Austin, TX 78712, USA","https://www.google.com/maps/search/?api=1&query=30.2895642,-97.7366761",Enter Notes
2026-04-16 05:16:11 PM,87.2,71.8,94.6,48.0,29.33,539,29.34,6.8,90.3,65.1,2736,6.7,0.5,86,73.7,86,265.9,79.2,87.1,session,"Session - Apr 16, 2026 5:03:53 PM",2026-04-16 05:03:53 PM 5:03:53 PM,00:20:36,,"2515 Speedway, Austin, TX 78712, USA","https://www.google.com/maps/search/?api=1&query=30.2895642,-97.7366761",Enter Notes
2026-04-16 05:16:16 PM,87.3,72.0,94.6,48.1,29.34,539,29.34,7.7,90.7,65.3,2738,8.3,1.0,83,73.8,83,265.4,79.3,87.3,session,"Session - Apr 16, 2026 5:03:53 PM",2026-04-16 05:03:53 PM 5:03:53 PM,00:20:36,,"2515 Speedway, Austin, TX 78712, USA","https://www.google.com/maps/search/?api=1&query=30.2895642,-97.7366761",Enter Notes
2026-04-16 05:16:21 PM,87.3,72.0,94.5,48.2,29.34,535,29.34,13.1,90.9,65.3,2741,12.8,-2.5,101,73.8,101,265.8,79.3,87.3,session,"Session - Apr 16, 2026 5:03:53 PM",2026-04-16 05:03:53 PM 5:03:53 PM,00:20:36,,"2515 Speedway, Austin, TX 78712, USA","https://www.google.com/maps/search/?api=1&query=30.2895642,-97.7366761",Enter Notes
2026-04-16 05:16:26 PM,87.1,71.8,94.3,48.2,29.34,535,29.34,7.2,90.3,65.2,2728,7.1,-1.1,99,72.1,99,266.6,78.0,87.1,session,"Session - Apr 16, 2026 5:03:53 PM",2026-04-16 05:03:53 PM 5:03:53 PM,00:20:36,,"2515 Speedway, Austin, TX 78712, USA","https://www.google.com/maps/search/?api=1&query=30.2895642,-97.7366761",Enter Notes
2026-04-16 05:16:31 PM,87.1,71.8,94.2,48.3,29.34,539,29.34,7.0,90.5,65.2,2725,5.8,-2.7,115,72.1,115,266.8,78.0,87.1,session,"Session - Apr 16, 2026 5:03:53 PM",2026-04-16 05:03:53 PM 5:03:53 PM,00:20:36,,"2515 Speedway, Austin, TX 78712, USA","https://www.google.com/maps/search/?api=1&query=30.2895642,-97.7366761",Enter Notes
2026-04-16 05:16:36 PM,87.2,72.0,94.2,48.4,29.34,539,29.34,4.1,90.5,65.4,2736,3.7,-1.8,116,72.3,116,266.2,78.2,87.1,session,"Session - Apr 16, 2026 5:03:53 PM",2026-04-16 05:03:53 PM 5:03:53 PM,00:20:36,,"2515 Speedway, Austin, TX 78712, USA","https://www.google.com/maps/search/?api=1&query=30.2895642,-97.7366761",Enter Notes
2026-04-16 05:16:41 PM,87.2,72.0,94.2,48.6,29.34,535,29.34,4.2,90.5,65.5,2738,3.7,-2.0,118,72.4,118,266.3,78.2,87.1,session,"Session - Apr 16, 2026 5:03:53 PM",2026-04-16 05:03:53 PM 5:03:53 PM,00:20:36,,"2515 Speedway, Austin, TX 78712, USA","https://www.google.com/maps/search/?api=1&query=30.2895642,-97.7366761",Enter Notes
2026-04-16 05:16:46 PM,87.3,72.0,94.1,48.6,29.34,539,29.34,6.9,90.9,65.6,2743,5.8,3.7,57,72.4,57,266.5,78.2,87.3,session,"Session - Apr 16, 2026 5:03:53 PM",2026-04-16 05:03:53 PM 5:03:53 PM,00:20:36,,"2515 Speedway, Austin, TX 78712, USA","https://www.google.com/maps/search/?api=1&query=30.2895642,-97.7366761",Enter Notes
2026-04-16 05:16:51 PM,87.5,72.1,94.1,48.5,29.34,539,29.34,2.6,91.2,65.6,2751,2.4,-0.8,109,72.4,109,266.7,78.2,87.4,session,"Session - Apr 16, 2026 5:03:53 PM",2026-04-16 05:03:53 PM 5:03:53 PM,00:20:36,,"2515 Speedway, Austin, TX 78712, USA","https://www.google.com/maps/search/?api=1&query=30.2895642,-97.7366761",Enter Notes
2026-04-16 05:16:56 PM,87.5,72.0,94.0,48.3,29.34,539,29.34,4.7,91.0,65.5,2751,5.3,-1.1,102,72.2,102,267.6,78.1,87.4,session,"Session - Apr 16, 2026 5:03:53 PM",2026-04-16 05:03:53 PM 5:03:53 PM,00:20:36,,"2515 Speedway, Austin, TX 78712, USA","https://www.google.com/maps/search/?api=1&query=30.2895642,-97.7366761",Enter Notes
2026-04-16 05:17:01 PM,87.3,72.0,93.8,48.1,29.34,535,29.34,8.1,90.7,65.3,2733,7.0,1.5,78,72.2,78,267.9,78.0,87.3,session,"Session - Apr 16, 2026 5:03:53 PM",2026-04-16 05:03:53 PM 5:03:53 PM,00:20:36,,"2515 Speedway, Austin, TX 78712, USA","https://www.google.com/maps/search/?api=1&query=30.2895642,-97.7366761",Enter Notes
2026-04-16 05:17:06 PM,87.4,72.0,93.7,48.2,29.34,535,29.34,5.3,90.7,65.4,2743,5.3,1.0,79,72.2,79,268.2,78.0,87.3,session,"Session - Apr 16, 2026 5:03:53 PM",2026-04-16 05:03:53 PM 5:03:53 PM,00:20:36,,"2515 Speedway, Austin, TX 78712, USA","https://www.google.com/maps/search/?api=1&query=30.2895642,-97.7366761",Enter Notes
2026-04-16 05:17:11 PM,87.8,72.3,93.7,48.2,29.34,535,29.34,4.0,91.4,65.8,2774,4.2,0.6,82,72.3,82,268.3,78.0,87.6,session,"Session - Apr 16, 2026 5:03:53 PM",2026-04-16 05:03:53 PM 5:03:53 PM,00:20:36,,"2515 Speedway, Austin, TX 78712, USA","https://www.google.com/maps/search/?api=1&query=30.2895642,-97.7366761",Enter Notes
2026-04-16 05:17:16 PM,87.9,72.3,93.7,48.2,29.34,539,29.34,3.4,91.6,65.8,2781,3.3,-0.9,106,72.3,106,268.3,78.0,87.8,session,"Session - Apr 16, 2026 5:03:53 PM",2026-04-16 05:03:53 PM 5:03:53 PM,00:20:36,,"2515 Speedway, Austin, TX 78712, USA","https://www.google.com/maps/search/?api=1&query=30.2895642,-97.7366761",Enter Notes
2026-04-16 05:17:21 PM,87.8,72.3,93.6,48.1,29.34,535,29.34,3.9,91.2,65.7,2776,3.5,-1.7,116,72.3,116,268.3,78.0,87.6,session,"Session - Apr 16, 2026 5:03:53 PM",2026-04-16 05:03:53 PM 5:03:53 PM,00:20:36,,"2515 Speedway, Austin, TX 78712, USA","https://www.google.com/maps/search/?api=1&query=30.2895642,-97.7366761",Enter Notes
2026-04-16 05:17:26 PM,87.7,72.3,93.6,48.0,29.34,539,29.34,2.0,91.2,65.6,2769,1.8,-0.9,116,72.3,116,268.1,78.0,87.6,session,"Session - Apr 16, 2026 5:03:53 PM",2026-04-16 05:03:53 PM 5:03:53 PM,00:20:36,,"2515 Speedway, Austin, TX 78712, USA","https://www.google.com/maps/search/?api=1&query=30.2895642,-97.7366761",Enter Notes
2026-04-16 05:17:31 PM,87.6,72.0,93.3,48.0,29.34,535,29.34,3.4,91.0,65.5,2761,3.0,-1.5,117,72.3,117,268.0,78.0,87.4,session,"Session - Apr 16, 2026 5:03:53 PM",2026-04-16 05:03:53 PM 5:03:53 PM,00:20:36,,"2515 Speedway, Austin, TX 78712, USA","https://www.google.com/maps/search/?api=1&query=30.2895642,-97.7366761",Enter Notes
2026-04-16 05:17:36 PM,87.4,72.0,93.3,48.1,29.34,539,29.34,4.2,90.7,65.3,2743,3.6,-2.2,122,72.3,122,267.9,78.0,87.3,session,"Session - Apr 16, 2026 5:03:53 PM",2026-04-16 05:03:53 PM 5:03:53 PM,00:20:36,,"2515 Speedway, Austin, TX 78712, USA","https://www.google.com/maps/search/?api=1&query=30.2895642,-97.7366761",Enter Notes
2026-04-16 05:17:41 PM,87.3,72.0,93.3,48.2,29.34,535,29.34,6.3,90.7,65.3,2733,6.1,-2.2,110,72.3,110,268.0,78.0,87.3,session,"Session - Apr 16, 2026 5:03:53 PM",2026-04-16 05:03:53 PM 5:03:53 PM,00:20:36,,"2515 Speedway, Austin, TX 78712, USA","https://www.google.com/maps/search/?api=1&query=30.2895642,-97.7366761",Enter Notes
2026-04-16 05:17:46 PM,87.3,72.0,93.3,48.2,29.34,535,29.34,9.7,90.9,65.4,2741,9.6,-1.0,96,72.3,96,268.6,78.0,87.3,session,"Session - Apr 16, 2026 5:03:53 PM",2026-04-16 05:03:53 PM 5:03:53 PM,00:20:36,,"2515 Speedway, Austin, TX 78712, USA","https://www.google.com/maps/search/?api=1&query=30.2895642,-97.7366761",Enter Notes
2026-04-16 05:17:51 PM,87.6,72.3,93.3,48.3,29.34,535,29.34,6.0,91.0,65.6,2761,5.9,1.2,79,72.3,79,268.9,78.0,87.4,session,"Session - Apr 16, 2026 5:03:53 PM",2026-04-16 05:03:53 PM 5:03:53 PM,00:20:36,,"2515 Speedway, Austin, TX 78712, USA","https://www.google.com/maps/search/?api=1&query=30.2895642,-97.7366761",Enter Notes
2026-04-16 05:17:56 PM,88.1,72.5,93.2,48.2,29.34,535,29.34,4.0,92.1,66.0,2794,4.6,-0.2,93,72.3,93,268.9,78.0,88.0,session,"Session - Apr 16, 2026 5:03:53 PM",2026-04-16 05:03:53 PM 5:03:53 PM,00:20:36,,"2515 Speedway, Austin, TX 78712, USA","https://www.google.com/maps/search/?api=1&query=30.2895642,-97.7366761",Enter Notes
2026-04-16 05:18:01 PM,88.4,72.9,93.2,48.1,29.34,539,29.34,3.5,92.7,66.3,2817,3.4,-0.9,105,72.3,105,268.8,78.0,88.3,session,"Session - Apr 16, 2026 5:03:53 PM",2026-04-16 05:03:53 PM 5:03:53 PM,00:20:36,,"2515 Speedway, Austin, TX 78712, USA","https://www.google.com/maps/search/?api=1&query=30.2895642,-97.7366761",Enter Notes
2026-04-16 05:18:06 PM,88.2,72.5,93.2,48.0,29.33,539,29.34,8.2,91.9,65.8,2796,7.1,3.4,64,72.1,64,269.7,77.8,88.0,session,"Session - Apr 16, 2026 5:03:53 PM",2026-04-16 05:03:53 PM 5:03:53 PM,00:20:36,,"2515 Speedway, Austin, TX 78712, USA","https://www.google.com/maps/search/?api=1&query=30.2895642,-97.7366761",Enter Notes
2026-04-16 05:18:11 PM,87.9,72.3,93.2,47.6,29.34,535,29.34,6.2,91.4,65.6,2786,6.0,0.5,85,72.1,85,270.0,77.8,87.8,session,"Session - Apr 16, 2026 5:03:53 PM",2026-04-16 05:03:53 PM 5:03:53 PM,00:20:36,,"2515 Speedway, Austin, TX 78712, USA","https://www.google.com/maps/search/?api=1&query=30.2895642,-97.7366761",Enter Notes
2026-04-16 05:18:16 PM,88.0,72.1,93.2,47.5,29.34,535,29.34,7.9,91.8,65.5,2784,6.9,-2.2,108,72.1,108,270.2,77.8,88.0,session,"Session - Apr 16, 2026 5:03:53 PM",2026-04-16 05:03:53 PM 5:03:53 PM,00:20:36,,"2515 Speedway, Austin, TX 78712, USA","https://www.google.com/maps/search/?api=1&query=30.2895642,-97.7366761",Enter Notes
2026-04-16 05:18:21 PM,87.8,72.0,93.2,47.5,29.34,535,29.34,5.6,91.0,65.3,2771,5.0,-2.9,120,72.1,120,270.2,77.8,87.6,session,"Session - Apr 16, 2026 5:03:53 PM",2026-04-16 05:03:53 PM 5:03:53 PM,00:20:36,,"2515 Speedway, Austin, TX 78712, USA","https://www.google.com/maps/search/?api=1&query=30.2895642,-97.7366761",Enter Notes
2026-04-16 05:18:26 PM,87.5,71.8,93.2,47.7,29.34,535,29.34,4.1,90.9,65.2,2751,3.4,-2.2,122,72.1,122,270.0,77.8,87.4,session,"Session - Apr 16, 2026 5:03:53 PM",2026-04-16 05:03:53 PM 5:03:53 PM,00:20:36,,"2515 Speedway, Austin, TX 78712, USA","https://www.google.com/maps/search/?api=1&query=30.2895642,-97.7366761",Enter Notes
2026-04-16 05:18:31 PM,87.4,72.0,93.2,47.9,29.34,535,29.34,3.1,90.7,65.3,2748,2.7,-1.9,125,72.1,125,269.8,77.8,87.3,session,"Session - Apr 16, 2026 5:03:53 PM",2026-04-16 05:03:53 PM 5:03:53 PM,00:20:36,,"2515 Speedway, Austin, TX 78712, USA","https://www.google.com/maps/search/?api=1&query=30.2895642,-97.7366761",Enter Notes
2026-04-16 05:18:36 PM,87.3,72.0,93.2,48.1,29.34,539,29.34,6.7,90.7,65.3,2743,6.8,-0.7,96,72.5,96,268.5,78.1,87.3,session,"Session - Apr 16, 2026 5:03:53 PM",2026-04-16 05:03:53 PM 5:03:53 PM,00:20:36,,"2515 Speedway, Austin, TX 78712, USA","https://www.google.com/maps/search/?api=1&query=30.2895642,-97.7366761",Enter Notes
2026-04-16 05:18:41 PM,87.5,72.0,93.2,48.1,29.34,539,29.34,5.0,91.2,65.6,2756,4.2,2.9,56,72.5,56,268.5,78.1,87.6,session,"Session - Apr 16, 2026 5:03:53 PM",2026-04-16 05:03:53 PM 5:03:53 PM,00:20:36,,"2515 Speedway, Austin, TX 78712, USA","https://www.google.com/maps/search/?api=1&query=30.2895642,-97.7366761",Enter Notes
2026-04-16 05:18:46 PM,87.5,72.0,93.0,48.0,29.34,539,29.34,7.1,91.0,65.4,2753,3.7,6.0,32,72.5,32,268.9,78.0,87.4,session,"Session - Apr 16, 2026 5:03:53 PM",2026-04-16 05:03:53 PM 5:03:53 PM,00:20:36,,"2515 Speedway, Austin, TX 78712, USA","https://www.google.com/maps/search/?api=1&query=30.2895642,-97.7366761",Enter Notes
2026-04-16 05:18:51 PM,88.0,72.3,93.0,48.0,29.33,540,29.33,6.1,91.9,65.9,2794,6.0,1.3,78,72.5,78,269.0,78.0,88.0,session,"Session - Apr 16, 2026 5:03:53 PM",2026-04-16 05:03:53 PM 5:03:53 PM,00:20:36,,"2515 Speedway, Austin, TX 78712, USA","https://www.google.com/maps/search/?api=1&query=30.2895642,-97.7366761",Enter Notes
2026-04-16 05:18:56 PM,87.9,72.3,93.0,48.0,29.33,539,29.34,5.5,91.6,65.7,2781,4.8,-1.2,106,72.5,104,269.0,78.0,87.8,session,"Session - Apr 16, 2026 5:03:53 PM",2026-04-16 05:03:53 PM 5:03:53 PM,00:20:36,,"2515 Speedway, Austin, TX 78712, USA","https://www.google.com/maps/search/?api=1&query=30.2895642,-97.7366761",Enter Notes
2026-04-16 05:19:01 PM,87.8,72.3,93.0,48.0,29.33,539,29.33,2.9,91.6,65.7,2781,2.6,-1.4,118,72.5,118,268.9,78.0,87.8,session,"Session - Apr 16, 2026 5:03:53 PM",2026-04-16 05:03:53 PM 5:03:53 PM,00:20:36,,"2515 Speedway, Austin, TX 78712, USA","https://www.google.com/maps/search/?api=1&query=30.2895642,-97.7366761",Enter Notes
2026-04-16 05:19:06 PM,87.8,72.3,93.0,47.9,29.34,539,29.34,5.1,91.2,65.6,2776,4.9,1.4,74,72.5,74,268.7,78.1,87.6,session,"Session - Apr 16, 2026 5:03:53 PM",2026-04-16 05:03:53 PM 5:03:53 PM,00:20:36,,"2515 Speedway, Austin, TX 78712, USA","https://www.google.com/maps/search/?api=1&query=30.2895642,-97.7366761",Enter Notes
2026-04-16 05:19:11 PM,87.9,72.3,93.0,47.9,29.33,539,29.33,6.8,91.6,65.7,2784,6.8,1.1,81,72.5,81,268.6,78.1,87.8,session,"Session - Apr 16, 2026 5:03:53 PM",2026-04-16 05:03:53 PM 5:03:53 PM,00:20:36,,"2515 Speedway, Austin, TX 78712, USA","https://www.google.com/maps/search/?api=1&query=30.2895642,-97.7366761",Enter Notes
2026-04-16 05:19:16 PM,87.7,72.1,93.0,47.8,29.33,539,29.33,9.5,91.2,65.5,2771,8.8,3.5,68,72.5,68,268.9,78.1,87.6,session,"Session - Apr 16, 2026 5:03:53 PM",2026-04-16 05:03:53 PM 5:03:53 PM,00:20:36,,"2515 Speedway, Austin, TX 78712, USA","https://www.google.com/maps/search/?api=1&query=30.2895642,-97.7366761",Enter Notes
2026-04-16 05:19:21 PM,87.3,71.6,93.0,47.7,29.34,535,29.34,7.3,90.5,65.0,2741,6.2,-1.8,106,72.3,106,269.9,77.9,87.3,session,"Session - Apr 16, 2026 5:03:53 PM",2026-04-16 05:03:53 PM 5:03:53 PM,00:20:36,,"2515 Speedway, Austin, TX 78712, USA","https://www.google.com/maps/search/?api=1&query=30.2895642,-97.7366761",Enter Notes
2026-04-16 05:19:26 PM,87.1,71.4,93.2,47.7,29.33,539,29.33,6.5,90.1,64.8,2730,5.7,-1.2,98,72.1,102,270.0,77.8,87.1,session,"Session - Apr 16, 2026 5:03:53 PM",2026-04-16 05:03:53 PM 5:03:53 PM,00:20:36,,"2515 Speedway, Austin, TX 78712, USA","https://www.google.com/maps/search/?api=1&query=30.2895642,-97.7366761",Enter Notes
2026-04-16 05:19:31 PM,87.2,71.6,93.2,47.7,29.33,539,29.33,6.4,90.1,65.0,2738,6.2,1.6,76,72.1,76,270.0,77.8,87.1,session,"Session - Apr 16, 2026 5:03:53 PM",2026-04-16 05:03:53 PM 5:03:53 PM,00:20:36,,"2515 Speedway, Austin, TX 78712, USA","https://www.google.com/maps/search/?api=1&query=30.2895642,-97.7366761",Enter Notes
2026-04-16 05:19:36 PM,87.3,71.8,93.2,47.8,29.33,540,29.33,4.0,90.5,65.1,2741,4.2,-0.5,106,72.1,97,269.8,77.8,87.3,session,"Session - Apr 16, 2026 5:03:53 PM",2026-04-16 05:03:53 PM 5:03:53 PM,00:20:36,,"2515 Speedway, Austin, TX 78712, USA","https://www.google.com/maps/search/?api=1&query=30.2895642,-97.7366761",Enter Notes
2026-04-16 05:19:41 PM,87.4,71.8,93.2,47.8,29.33,539,29.33,7.7,90.7,65.2,2748,6.9,-0.1,91,72.1,91,269.9,77.8,87.3,session,"Session - Apr 16, 2026 5:03:53 PM",2026-04-16 05:03:53 PM 5:03:53 PM,00:20:36,,"2515 Speedway, Austin, TX 78712, USA","https://www.google.com/maps/search/?api=1&query=30.2895642,-97.7366761",Enter Notes
2026-04-16 05:19:46 PM,87.7,72.0,93.2,47.9,29.33,540,29.33,6.6,91.2,65.5,2769,6.2,-2.1,109,72.1,109,270.1,77.8,87.6,session,"Session - Apr 16, 2026 5:03:53 PM",2026-04-16 05:03:53 PM 5:03:53 PM,00:20:36,,"2515 Speedway, Austin, TX 78712, USA","https://www.google.com/maps/search/?api=1&query=30.2895642,-97.7366761",Enter Notes
2026-04-16 05:19:51 PM,87.6,72.0,93.2,47.9,29.33,539,29.33,7.9,91.0,65.3,2753,9.3,-0.8,93,72.1,95,270.2,77.8,87.4,session,"Session - Apr 16, 2026 5:03:53 PM",2026-04-16 05:03:53 PM 5:03:53 PM,00:20:36,,"2515 Speedway, Austin, TX 78712, USA","https://www.google.com/maps/search/?api=1&query=30.2895642,-97.7366761",Enter Notes
2026-04-16 05:19:56 PM,87.2,71.6,93.2,47.9,29.34,539,29.34,5.5,90.3,65.0,2728,4.2,-3.0,127,72.1,126,270.5,77.8,87.1,session,"Session - Apr 16, 2026 5:03:53 PM",2026-04-16 05:03:53 PM 5:03:53 PM,00:20:36,,"2515 Speedway, Austin, TX 78712, USA","https://www.google.com/maps/search/?api=1&query=30.2895642,-97.7366761",Enter Notes
2026-04-16 05:20:01 PM,87.0,71.6,93.2,48.0,29.33,539,29.33,7.2,90.1,65.0,2725,7.1,-0.9,97,72.1,97,270.5,77.8,86.9,session,"Session - Apr 16, 2026 5:03:53 PM",2026-04-16 05:03:53 PM 5:03:53 PM,00:20:36,,"2515 Speedway, Austin, TX 78712, USA","https://www.google.com/maps/search/?api=1&query=30.2895642,-97.7366761",Enter Notes
2026-04-16 05:20:06 PM,87.0,71.6,93.2,48.2,29.33,539,29.34,6.1,90.1,65.0,2715,6.8,-1.1,99,72.3,99,269.2,77.9,86.9,session,"Session - Apr 16, 2026 5:03:53 PM",2026-04-16 05:03:53 PM 5:03:53 PM,00:20:36,,"2515 Speedway, Austin, TX 78712, USA","https://www.google.com/maps/search/?api=1&query=30.2895642,-97.7366761",Enter Notes
2026-04-16 05:20:11 PM,86.8,71.4,93.4,48.4,29.34,535,29.34,7.8,90.0,65.0,2705,8.6,-0.3,92,72.1,92,269.4,77.8,86.7,session,"Session - Apr 16, 2026 5:03:53 PM",2026-04-16 05:03:53 PM 5:03:53 PM,00:20:36,,"2515 Speedway, Austin, TX 78712, USA","https://www.google.com/maps/search/?api=1&query=30.2895642,-97.7366761",Enter Notes
2026-04-16 05:20:16 PM,86.7,71.6,93.4,48.5,29.34,539,29.34,6.9,90.0,65.0,2705,7.4,-1.2,99,72.1,99,269.4,77.8,86.7,session,"Session - Apr 16, 2026 5:03:53 PM",2026-04-16 05:03:53 PM 5:03:53 PM,00:20:36,,"2515 Speedway, Austin, TX 78712, USA","https://www.google.com/maps/search/?api=1&query=30.2895642,-97.7366761",Enter Notes
2026-04-16 05:20:21 PM,86.8,71.6,93.4,48.6,29.34,539,29.34,4.3,90.0,65.1,2708,3.5,-2.4,124,72.1,124,269.5,77.8,86.7,session,"Session - Apr 16, 2026 5:03:53 PM",2026-04-16 05:03:53 PM 5:03:53 PM,00:20:36,,"2515 Speedway, Austin, TX 78712, USA","https://www.google.com/maps/search/?api=1&query=30.2895642,-97.7366761",Enter Notes
2026-04-16 05:20:26 PM,86.8,71.8,93.3,48.7,29.33,539,29.33,2.6,90.1,65.2,2718,2.2,-1.5,124,72.1,124,269.3,77.8,86.7,session,"Session - Apr 16, 2026 5:03:53 PM",2026-04-16 05:03:53 PM 5:03:53 PM,00:20:36,,"2515 Speedway, Austin, TX 78712, USA","https://www.google.com/maps/search/?api=1&query=30.2895642,-97.7366761",Enter Notes
2026-04-16 05:20:31 PM,87.1,72.0,93.3,48.8,29.33,539,29.33,3.6,90.7,65.5,2733,3.4,-2.2,123,72.1,123,269.1,77.8,87.1,session,"Session - Apr 16, 2026 5:03:53 PM",2026-04-16 05:03:53 PM 5:03:53 PM,00:20:36,,"2515 Speedway, Austin, TX 78712, USA","https://www.google.com/maps/search/?api=1&query=30.2895642,-97.7366761",Enter Notes
2026-04-16 05:20:36 PM,87.2,72.1,93.3,48.9,29.34,539,29.34,4.1,90.7,65.7,2741,3.5,-2.2,122,72.3,122,268.2,77.9,87.1,session,"Session - Apr 16, 2026 5:03:53 PM",2026-04-16 05:03:53 PM 5:03:53 PM,00:20:36,,"2515 Speedway, Austin, TX 78712, USA","https://www.google.com/maps/search/?api=1&query=30.2895642,-97.7366761",Enter Notes
2026-04-16 05:20:41 PM,87.2,72.1,93.3,49.0,29.34,539,29.34,4.5,90.7,65.7,2738,3.8,-2.4,122,72.3,122,268.1,77.9,87.1,session,"Session - Apr 16, 2026 5:03:53 PM",2026-04-16 05:03:53 PM 5:03:53 PM,00:20:36,,"2515 Speedway, Austin, TX 78712, USA","https://www.google.com/maps/search/?api=1&query=30.2895642,-97.7366761",Enter Notes
2026-04-16 05:20:46 PM,87.0,72.0,93.3,48.9,29.33,539,29.33,5.1,90.3,65.5,2730,4.3,-2.7,122,72.3,122,268.2,77.9,86.9,session,"Session - Apr 16, 2026 5:03:53 PM",2026-04-16 05:03:53 PM 5:03:53 PM,00:20:36,,"2515 Speedway, Austin, TX 78712, USA","https://www.google.com/maps/search/?api=1&query=30.2895642,-97.7366761",Enter Notes
2026-04-16 05:20:51 PM,87.1,72.0,93.3,49.0,29.33,539,29.33,4.4,90.7,65.6,2736,3.7,-2.4,123,72.3,123,268.1,77.9,87.1,session,"Session - Apr 16, 2026 5:03:53 PM",2026-04-16 05:03:53 PM 5:03:53 PM,00:20:36,,"2515 Speedway, Austin, TX 78712, USA","https://www.google.com/maps/search/?api=1&query=30.2895642,-97.7366761",Enter Notes
2026-04-16 05:20:56 PM,87.0,71.8,93.0,49.0,29.33,539,29.33,4.6,90.3,65.5,2725,3.9,-2.5,123,72.3,123,268.1,77.9,86.9,session,"Session - Apr 16, 2026 5:03:53 PM",2026-04-16 05:03:53 PM 5:03:53 PM,00:20:36,,"2515 Speedway, Austin, TX 78712, USA","https://www.google.com/maps/search/?api=1&query=30.2895642,-97.7366761",Enter Notes
2026-04-16 05:21:01 PM,87.0,72.0,93.0,49.1,29.33,540,29.33,5.3,90.5,65.6,2725,4.7,-2.2,115,72.3,115,268.1,77.9,86.9,session,"Session - Apr 16, 2026 5:03:53 PM",2026-04-16 05:03:53 PM 5:03:53 PM,00:20:36,,"2515 Speedway, Austin, TX 78712, USA","https://www.google.com/maps/search/?api=1&query=30.2895642,-97.7366761",Enter Notes
2026-04-16 05:21:06 PM,87.1,72.1,93.0,49.2,29.33,540,29.33,3.8,90.9,65.8,2741,3.1,-1.6,118,72.5,118,267.2,78.0,87.1,session,"Session - Apr 16, 2026 5:03:53 PM",2026-04-16 05:03:53 PM 5:03:53 PM,00:20:36,,"2515 Speedway, Austin, TX 78712, USA","https://www.google.com/maps/search/?api=1&query=30.2895642,-97.7366761",Enter Notes
2026-04-16 05:21:11 PM,87.9,72.7,93.0,49.1,29.33,540,29.33,2.4,91.9,66.4,2791,2.1,-1.1,117,72.3,117,267.9,77.9,87.8,session,"Session - Apr 16, 2026 5:03:53 PM",2026-04-16 05:03:53 PM 5:03:53 PM,00:20:36,,"2515 Speedway, Austin, TX 78712, USA","https://www.google.com/maps/search/?api=1&query=30.2895642,-97.7366761",Enter Notes
2026-04-16 05:21:16 PM,88.0,72.7,92.9,48.9,29.33,540,29.33,8.1,92.3,66.3,2799,7.5,-3.0,112,72.3,112,267.8,77.9,88.0,session,"Session - Apr 16, 2026 5:03:53 PM",2026-04-16 05:03:53 PM 5:03:53 PM,00:20:36,,"2515 Speedway, Austin, TX 78712, USA","https://www.google.com/maps/search/?api=1&query=30.2895642,-97.7366761",Enter Notes
2026-04-16 05:21:21 PM,87.7,72.3,92.9,48.6,29.33,539,29.33,4.5,91.4,65.8,2774,4.0,-1.9,115,72.1,115,268.9,77.8,87.6,session,"Session - Apr 16, 2026 5:03:53 PM",2026-04-16 05:03:53 PM 5:03:53 PM,00:20:36,,"2515 Speedway, Austin, TX 78712, USA","https://www.google.com/maps/search/?api=1&query=30.2895642,-97.7366761",Enter Notes
2026-04-16 05:21:26 PM,87.3,72.0,92.9,48.4,29.33,539,29.33,4.0,90.9,65.5,2748,3.4,-2.1,122,72.1,122,268.7,77.8,87.3,session,"Session - Apr 16, 2026 5:03:53 PM",2026-04-16 05:03:53 PM 5:03:53 PM,00:20:36,,"2515 Speedway, Austin, TX 78712, USA","https://www.google.com/maps/search/?api=1&query=30.2895642,-97.7366761",Enter Notes
2026-04-16 05:21:31 PM,87.3,72.0,92.9,48.4,29.33,539,29.33,3.6,90.9,65.4,2743,3.8,-2.4,124,72.2,123,268.5,77.8,87.3,session,"Session - Apr 16, 2026 5:03:53 PM",2026-04-16 05:03:53 PM 5:03:53 PM,00:20:36,,"2515 Speedway, Austin, TX 78712, USA","https://www.google.com/maps/search/?api=1&query=30.2895642,-97.7366761",Enter Notes
2026-04-16 05:21:36 PM,87.2,72.0,92.9,48.5,29.33,539,29.33,3.6,90.5,65.4,2738,2.9,-2.1,125,72.2,125,268.4,77.8,87.1,session,"Session - Apr 16, 2026 5:03:53 PM",2026-04-16 05:03:53 PM 5:03:53 PM,00:20:36,,"2515 Speedway, Austin, TX 78712, USA","https://www.google.com/maps/search/?api=1&query=30.2895642,-97.7366761",Enter Notes
2026-04-16 05:21:41 PM,87.3,72.1,92.9,48.6,29.33,540,29.33,2.8,91.2,65.7,2758,2.2,-1.5,125,72.2,125,268.2,77.8,87.4,session,"Session - Apr 16, 2026 5:03:53 PM",2026-04-16 05:03:53 PM 5:03:53 PM,00:20:36,,"2515 Speedway, Austin, TX 78712, USA","https://www.google.com/maps/search/?api=1&query=30.2895642,-97.7366761",Enter Notes
2026-04-16 05:21:46 PM,87.8,72.5,92.9,48.6,29.33,539,29.33,4.5,91.4,66.0,2786,5.0,-2.6,120,72.2,117,267.8,77.8,87.6,session,"Session - Apr 16, 2026 5:03:53 PM",2026-04-16 05:03:53 PM 5:03:53 PM,00:20:36,,"2515 Speedway, Austin, TX 78712, USA","https://www.google.com/maps/search/?api=1&query=30.2895642,-97.7366761",Enter Notes
2026-04-16 05:21:51 PM,87.5,72.1,92.9,48.6,29.33,539,29.33,10.1,90.9,65.7,2763,12.0,5.6,65,72.2,65,268.1,77.8,87.3,session,"Session - Apr 16, 2026 5:03:53 PM",2026-04-16 05:03:53 PM 5:03:53 PM,00:20:36,,"2515 Speedway, Austin, TX 78712, USA","https://www.google.com/maps/search/?api=1&query=30.2895642,-97.7366761",Enter Notes
2026-04-16 05:21:56 PM,87.2,72.0,92.9,48.6,29.34,539,29.34,12.2,90.5,65.4,2733,11.4,0.6,87,72.1,87,269.6,77.7,87.1,session,"Session - Apr 16, 2026 5:03:53 PM",2026-04-16 05:03:53 PM 5:03:53 PM,00:20:36,,"2515 Speedway, Austin, TX 78712, USA","https://www.google.com/maps/search/?api=1&query=30.2895642,-97.7366761",Enter Notes
2026-04-16 05:22:01 PM,87.0,71.8,92.9,48.6,29.34,535,29.34,14.9,90.3,65.3,2723,14.8,-1.0,94,72.1,94,270.5,77.7,86.9,session,"Session - Apr 16, 2026 5:03:53 PM",2026-04-16 05:03:53 PM 5:03:53 PM,00:20:36,,"2515 Speedway, Austin, TX 78712, USA","https://www.google.com/maps/search/?api=1&query=30.2895642,-97.7366761",Enter Notes
2026-04-16 05:22:06 PM,87.0,71.8,92.9,48.6,29.34,535,29.34,10.7,90.3,65.3,2720,8.9,-3.8,113,72.1,113,271.5,77.7,86.9,session,"Session - Apr 16, 2026 5:03:53 PM",2026-04-16 05:03:53 PM 5:03:53 PM,00:20:36,,"2515 Speedway, Austin, TX 78712, USA","https://www.google.com/maps/search/?api=1&query=30.2895642,-97.7366761",Enter Notes
2026-04-16 05:22:11 PM,87.0,71.8,92.9,48.6,29.33,539,29.33,8.6,90.3,65.3,2728,8.6,0.3,88,72.1,88,271.8,77.7,86.9,session,"Session - Apr 16, 2026 5:03:53 PM",2026-04-16 05:03:53 PM 5:03:53 PM,00:20:36,,"2515 Speedway, Austin, TX 78712, USA","https://www.google.com/maps/search/?api=1&query=30.2895642,-97.7366761",Enter Notes
2026-04-16 05:22:16 PM,87.0,71.8,92.9,48.8,29.33,539,29.33,10.8,90.3,65.4,2725,10.6,2.3,78,72.1,78,272.3,77.7,86.9,session,"Session - Apr 16, 2026 5:03:53 PM",2026-04-16 05:03:53 PM 5:03:53 PM,00:20:36,,"2515 Speedway, Austin, TX 78712, USA","https://www.google.com/maps/search/?api=1&query=30.2895642,-97.7366761",Enter Notes
2026-04-16 05:22:21 PM,87.1,72.0,92.9,48.8,29.33,540,29.33,7.0,90.3,65.5,2736,6.5,-2.9,114,72.1,114,272.8,77.7,86.9,session,"Session - Apr 16, 2026 5:03:53 PM",2026-04-16 05:03:53 PM 5:03:53 PM,00:20:36,,"2515 Speedway, Austin, TX 78712, USA","https://www.google.com/maps/search/?api=1&query=30.2895642,-97.7366761",Enter Notes
2026-04-16 05:22:26 PM,87.1,72.0,92.9,48.9,29.33,539,29.33,8.9,90.7,65.6,2736,9.3,0.6,86,72.2,86,273.1,77.8,87.1,session,"Session - Apr 16, 2026 5:03:53 PM",2026-04-16 05:03:53 PM 5:03:53 PM,00:20:36,,"2515 Speedway, Austin, TX 78712, USA","https://www.google.com/maps/search/?api=1&query=30.2895642,-97.7366761",Enter Notes
2026-04-16 05:22:31 PM,87.2,72.1,92.6,48.8,29.33,539,29.33,9.8,90.7,65.6,2743,9.5,-2.7,106,72.3,106,272.7,77.8,87.1,session,"Session - Apr 16, 2026 5:03:53 PM",2026-04-16 05:03:53 PM 5:03:53 PM,00:20:36,,"2515 Speedway, Austin, TX 78712, USA","https://www.google.com/maps/search/?api=1&query=30.2895642,-97.7366761",Enter Notes
2026-04-16 05:22:36 PM,87.1,72.0,92.6,48.9,29.34,535,29.34,15.1,90.7,65.5,2730,14.8,2.1,82,72.3,82,273.6,77.8,87.1,session,"Session - Apr 16, 2026 5:03:53 PM",2026-04-16 05:03:53 PM 5:03:53 PM,00:20:36,,"2515 Speedway, Austin, TX 78712, USA","https://www.google.com/maps/search/?api=1&query=30.2895642,-97.7366761",Enter Notes
2026-04-16 05:22:41 PM,87.0,72.0,92.6,48.8,29.34,539,29.34,10.3,90.3,65.4,2725,7.7,-3.1,112,72.3,112,274.3,77.8,86.9,session,"Session - Apr 16, 2026 5:03:53 PM",2026-04-16 05:03:53 PM 5:03:53 PM,00:20:36,,"2515 Speedway, Austin, TX 78712, USA","https://www.google.com/maps/search/?api=1&query=30.2895642,-97.7366761",Enter Notes
2026-04-16 05:22:46 PM,87.2,72.0,92.6,49.0,29.33,540,29.33,5.0,90.7,65.7,2741,5.0,0.2,88,72.3,88,274.4,77.8,87.1,session,"Session - Apr 16, 2026 5:03:53 PM",2026-04-16 05:03:53 PM 5:03:53 PM,00:20:36,,"2515 Speedway, Austin, TX 78712, USA","https://www.google.com/maps/search/?api=1&query=30.2895642,-97.7366761",Enter Notes
2026-04-16 05:22:51 PM,88.2,73.0,92.6,49.0,29.33,540,29.33,10.8,92.7,66.7,2812,10.8,0.0,90,72.3,90,274.6,77.8,88.2,session,"Session - Apr 16, 2026 5:03:53 PM",2026-04-16 05:03:53 PM 5:03:53 PM,00:20:36,,"2515 Speedway, Austin, TX 78712, USA","https://www.google.com/maps/search/?api=1&query=30.2895642,-97.7366761",Enter Notes
2026-04-16 05:22:56 PM,88.2,73.0,92.5,48.8,29.33,539,29.33,10.7,92.7,66.6,2812,12.0,1.5,78,72.3,83,275.3,77.8,88.2,session,"Session - Apr 16, 2026 5:03:53 PM",2026-04-16 05:03:53 PM 5:03:53 PM,00:20:36,,"2515 Speedway, Austin, TX 78712, USA","https://www.google.com/maps/search/?api=1&query=30.2895642,-97.7366761",Enter Notes
2026-04-16 05:23:01 PM,88.0,72.7,92.5,48.5,29.33,539,29.33,8.7,92.1,66.1,2802,8.5,-1.7,101,72.1,101,276.6,77.7,88.0,session,"Session - Apr 16, 2026 5:03:53 PM",2026-04-16 05:03:53 PM 5:03:53 PM,00:20:36,,"2515 Speedway, Austin, TX 78712, USA","https://www.google.com/maps/search/?api=1&query=30.2895642,-97.7366761",Enter Notes
2026-04-16 05:23:06 PM,87.4,72.0,92.5,48.5,29.33,540,29.33,16.5,90.9,65.6,2748,11.1,12.3,42,72.1,42,277.3,77.7,87.3,session,"Session - Apr 16, 2026 5:03:53 PM",2026-04-16 05:03:53 PM 5:03:53 PM,00:20:36,,"2515 Speedway, Austin, TX 78712, USA","https://www.google.com/maps/search/?api=1&query=30.2895642,-97.7366761",Enter Notes
2026-04-16 05:23:11 PM,87.3,72.0,92.4,48.4,29.33,540,29.33,13.1,90.9,65.4,2748,11.5,0.8,86,72.1,86,277.9,77.7,87.3,session,"Session - Apr 16, 2026 5:03:53 PM",2026-04-16 05:03:53 PM 5:03:53 PM,00:20:36,,"2515 Speedway, Austin, TX 78712, USA","https://www.google.com/maps/search/?api=1&query=30.2895642,-97.7366761",Enter Notes
2026-04-16 05:23:16 PM,87.4,72.0,92.4,48.3,29.33,539,29.33,9.9,90.9,65.5,2751,9.9,0.9,85,72.1,85,278.3,77.7,87.3,session,"Session - Apr 16, 2026 5:03:53 PM",2026-04-16 05:03:53 PM 5:03:53 PM,00:20:36,,"2515 Speedway, Austin, TX 78712, USA","https://www.google.com/maps/search/?api=1&query=30.2895642,-97.7366761",Enter Notes
2026-04-16 05:23:21 PM,87.4,72.0,92.4,48.3,29.33,539,29.33,6.0,90.9,65.5,2748,6.0,0.0,90,72.1,90,278.5,77.7,87.3,session,"Session - Apr 16, 2026 5:03:53 PM",2026-04-16 05:03:53 PM 5:03:53 PM,00:20:36,,"2515 Speedway, Austin, TX 78712, USA","https://www.google.com/maps/search/?api=1&query=30.2895642,-97.7366761",Enter Notes
2026-04-16 05:23:26 PM,87.7,72.3,92.4,48.4,29.33,539,29.33,6.6,91.4,65.8,2769,6.1,1.2,79,72.1,79,278.5,77.7,87.6,session,"Session - Apr 16, 2026 5:03:53 PM",2026-04-16 05:03:53 PM 5:03:53 PM,00:20:36,,"2515 Speedway, Austin, TX 78712, USA","https://www.google.com/maps/search/?api=1&query=30.2895642,-97.7366761",Enter Notes
2026-04-16 05:23:31 PM,87.9,72.5,92.4,48.4,29.33,540,29.33,4.3,91.8,66.0,2789,3.0,-2.9,134,72.1,134,278.4,77.7,87.8,session,"Session - Apr 16, 2026 5:03:53 PM",2026-04-16 05:03:53 PM 5:03:53 PM,00:20:36,,"2515 Speedway, Austin, TX 78712, USA","https://www.google.com/maps/search/?api=1&query=30.2895642,-97.7366761",Enter Notes
2026-04-16 05:23:36 PM,88.0,72.5,92.1,48.3,29.33,539,29.33,1.6,92.1,66.1,2794,1.0,-0.6,122,72.1,122,278.1,77.6,88.0,session,"Session - Apr 16, 2026 5:03:53 PM",2026-04-16 05:03:53 PM 5:03:53 PM,00:20:36,,"2515 Speedway, Austin, TX 78712, USA","https://www.google.com/maps/search/?api=1&query=30.2895642,-97.7366761",Enter Notes
2026-04-16 05:23:41 PM,88.5,72.9,92.1,48.2,29.33,540,29.33,2.7,92.7,66.4,2827,1.7,-0.7,112,72.1,112,277.8,77.6,88.3,session,"Session - Apr 16, 2026 5:03:53 PM",2026-04-16 05:03:53 PM 5:03:53 PM,00:20:36,,"2515 Speedway, Austin, TX 78712, USA","https://www.google.com/maps/search/?api=1&query=30.2895642,-97.7366761",Enter Notes
2026-04-16 05:23:46 PM,88.7,73.0,92.1,48.0,29.33,540,29.33,2.4,93.4,66.5,2842,2.1,-1.3,122,72.0,122,278.1,77.5,88.7,session,"Session - Apr 16, 2026 5:03:53 PM",2026-04-16 05:03:53 PM 5:03:53 PM,00:20:36,,"2515 Speedway, Austin, TX 78712, USA","https://www.google.com/maps/search/?api=1&query=30.2895642,-97.7366761",Enter Notes
2026-04-16 05:23:51 PM,88.8,73.0,92.1,47.8,29.33,539,29.33,3.3,93.4,66.5,2847,3.0,-1.8,121,71.8,121,278.6,77.4,88.7,session,"Session - Apr 16, 2026 5:03:53 PM",2026-04-16 05:03:53 PM 5:03:53 PM,00:20:36,,"2515 Speedway, Austin, TX 78712, USA","https://www.google.com/maps/search/?api=1&query=30.2895642,-97.7366761",Enter Notes
2026-04-16 05:23:56 PM,89.0,73.2,92.1,47.7,29.33,540,29.33,1.4,93.9,66.6,2870,0.8,-0.2,106,71.8,106,278.1,77.4,89.1,session,"Session - Apr 16, 2026 5:03:53 PM",2026-04-16 05:03:53 PM 5:03:53 PM,00:20:36,,"2515 Speedway, Austin, TX 78712, USA","https://www.google.com/maps/search/?api=1&query=30.2895642,-97.7366761",Enter Notes
2026-04-16 05:24:01 PM,89.4,73.4,92.1,47.5,29.33,540,29.33,2.6,94.6,66.8,2888,2.5,-0.8,108,71.9,108,277.6,77.4,89.4,session,"Session - Apr 16, 2026 5:03:53 PM",2026-04-16 05:03:53 PM 5:03:53 PM,00:20:36,,"2515 Speedway, Austin, TX 78712, USA","https://www.google.com/maps/search/?api=1&query=30.2895642,-97.7366761",Enter Notes
2026-04-16 05:24:06 PM,89.6,73.4,92.1,47.3,29.33,539,29.33,5.7,94.5,66.8,2898,5.5,-1.4,104,71.9,104,277.1,77.4,89.4,session,"Session - Apr 16, 2026 5:03:53 PM",2026-04-16 05:03:53 PM 5:03:53 PM,00:20:36,,"2515 Speedway, Austin, TX 78712, USA","https://www.google.com/maps/search/?api=1&query=30.2895642,-97.7366761",Enter Notes
2026-04-16 05:24:11 PM,89.4,73.2,92.1,47.0,29.33,539,29.33,4.1,94.1,66.5,2885,4.0,-1.0,104,71.7,104,277.6,77.3,89.2,session,"Session - Apr 16, 2026 5:03:53 PM",2026-04-16 05:03:53 PM 5:03:53 PM,00:20:36,,"2515 Speedway, Austin, TX 78712, USA","https://www.google.com/maps/search/?api=1&query=30.2895642,-97.7366761",Enter Notes
2026-04-16 05:24:16 PM,89.5,73.0,92.2,46.7,29.33,540,29.33,7.0,93.9,66.3,2896,7.8,-1.8,103,71.7,103,277.2,77.3,89.2,session,"Session - Apr 16, 2026 5:03:53 PM",2026-04-16 05:03:53 PM 5:03:53 PM,00:20:36,,"2515 Speedway, Austin, TX 78712, USA","https://www.google.com/maps/search/?api=1&query=30.2895642,-97.7366761",Enter Notes
2026-04-16 05:24:21 PM,89.0,72.9,92.2,46.7,29.33,539,29.33,9.0,93.2,65.9,2855,8.7,2.2,76,71.7,76,277.2,77.3,88.9,session,"Session - Apr 16, 2026 5:03:53 PM",2026-04-16 05:03:53 PM 5:03:53 PM,00:20:36,,"2515 Speedway, Austin, TX 78712, USA","https://www.google.com/maps/search/?api=1&query=30.2895642,-97.7366761",Enter Notes
2026-04-16 05:24:26 PM,89.0,72.7,92.4,46.7,29.34,539,29.33,9.7,92.8,65.8,2852,8.7,3.7,71,71.7,67,277.3,77.4,88.7,session,"Session - Apr 16, 2026 5:03:53 PM",2026-04-16 05:03:53 PM 5:03:53 PM,00:20:36,,"2515 Speedway, Austin, TX 78712, USA","https://www.google.com/maps/search/?api=1&query=30.2895642,-97.7366761",Enter Notes